-- phpMyAdmin SQL Dump
-- version 4.9.2
-- https://www.phpmyadmin.net/
--
-- Servidor: 127.0.0.1:3306
-- Tiempo de generación: 21-06-2021 a las 12:22:22
-- Versión del servidor: 5.7.28
-- Versión de PHP: 7.3.12

SET SQL_MODE = "NO_AUTO_VALUE_ON_ZERO";
SET AUTOCOMMIT = 0;
START TRANSACTION;
SET time_zone = "+00:00";


/*!40101 SET @OLD_CHARACTER_SET_CLIENT=@@CHARACTER_SET_CLIENT */;
/*!40101 SET @OLD_CHARACTER_SET_RESULTS=@@CHARACTER_SET_RESULTS */;
/*!40101 SET @OLD_COLLATION_CONNECTION=@@COLLATION_CONNECTION */;
/*!40101 SET NAMES utf8mb4 */;

--
-- Base de datos: `blogpoezii`
--

-- --------------------------------------------------------

--
-- Estructura de tabla para la tabla `autor`
--

DROP TABLE IF EXISTS `autor`;
CREATE TABLE IF NOT EXISTS `autor` (
  `id` int(11) NOT NULL AUTO_INCREMENT,
  `numeUtilizator` varchar(255) NOT NULL,
  `parola` varchar(255) NOT NULL,
  `email` varchar(255) NOT NULL,
  `poza` varchar(255) NOT NULL,
  `despre` longtext NOT NULL,
  PRIMARY KEY (`id`)
) ENGINE=MyISAM AUTO_INCREMENT=11 DEFAULT CHARSET=utf8;

--
-- Volcado de datos para la tabla `autor`
--

INSERT INTO `autor` (`id`, `numeUtilizator`, `parola`, `email`, `poza`, `despre`) VALUES
(9, 'danab', '$2y$04$ulZnr5XjQDGDhLQY5nifG.ll1wlOEIo1cF9DdgFtIZnAWZQgAy7VW', 'danielabanita62@gmail.com', './assets/imagini/profil.jpg', '    Despre mine..am scris mai multe in Marturia intoarcerii mele la Dumnezeu,postata pe acest blog,in cartea CHEMAREA CERULUI..\r\nFiti binecuvantati! ♥️\r\n\r\n-o poezie dăruită de Criticul meu,Blând.. am finalizat-o ,si am atasat-o aici..este o amintire de suflet!\r\nUn înger plin de farmec, cu aripi mari, senine\r\nAzi evadă din ceruri... să şadă lângă tine\r\nŞi plin de Sfânta-I Slavă, priveşte cu temei\r\nCu ochiul stâng la tine şi dreptul la condei...\r\n\r\nMai şterge o silabă. Iar versul cântăreşte\r\nLucrează fără grabă.. privirea Lui, zâmbeşte\r\nŞi când e gata strofa, El, Untdelemn Sfânt pune\r\nCa-n inimi să ajungă prin a ta rugăciune...\r\nŞi pleacă de la tine, lăsându-ţi foaia plină\r\nDe poezii sublime.. venite din Lumină!\r\n\r\nSă nu te-opreşti din scris.. nicicând fratele meu\r\nCăci pana, versuirea... sunt de la Dumnezeu!\r\n\r\n2015\r\n'),
(10, 'admin', '$2y$04$g63g4vB14cCnfLbtL24vR.BlbBtwUyEzr1lFTY1fEgfITfMuXM/ZG', 'alinbanita@gmail.com', './assets/imagini/profil.jpg', '    Despre mine..am scris mai multe in Marturia intoarcerii mele la Dumnezeu,postata pe acest blog,in cartea CHEMAREA CERULUI..\r\nFiti binecuvantati! ♥️\r\n\r\n-o poezie dăruită de Criticul meu,Blând.. am finalizat-o ,si am atasat-o aici..este o amintire de suflet!\r\nUn înger plin de farmec, cu aripi mari, senine\r\nAzi evadă din ceruri... să şadă lângă tine\r\nŞi plin de Sfânta-I Slavă, priveşte cu temei\r\nCu ochiul stâng la tine şi dreptul la condei...\r\n\r\nMai şterge o silabă. Iar versul cântăreşte\r\nLucrează fără grabă.. privirea Lui, zâmbeşte\r\nŞi când e gata strofa, El, Untdelemn Sfânt pune\r\nCa-n inimi să ajungă prin a ta rugăciune...\r\nŞi pleacă de la tine, lăsându-ţi foaia plină\r\nDe poezii sublime.. venite din Lumină!\r\n\r\nSă nu te-opreşti din scris.. nicicând fratele meu\r\nCăci pana, versuirea... sunt de la Dumnezeu!\r\n\r\n2015\r\n');

-- --------------------------------------------------------

--
-- Estructura de tabla para la tabla `carte`
--

DROP TABLE IF EXISTS `carte`;
CREATE TABLE IF NOT EXISTS `carte` (
  `id` int(11) NOT NULL AUTO_INCREMENT,
  `titlu` varchar(255) NOT NULL,
  `poza` varchar(255) NOT NULL,
  PRIMARY KEY (`id`)
) ENGINE=MyISAM AUTO_INCREMENT=36 DEFAULT CHARSET=utf8;

--
-- Volcado de datos para la tabla `carte`
--

INSERT INTO `carte` (`id`, `titlu`, `poza`) VALUES
(32, 'CHEMAREA CERULUI', './assets/imagini/CHEMAREA CERULUI.jpg'),
(34, 'In asteptarea Mirelui', './assets/imagini/In asteptarea Mirelui.jpg'),
(35, 'Diverse', './assets/imagini/Diverse.jpg');

-- --------------------------------------------------------

--
-- Estructura de tabla para la tabla `comentariu`
--

DROP TABLE IF EXISTS `comentariu`;
CREATE TABLE IF NOT EXISTS `comentariu` (
  `id` int(11) NOT NULL AUTO_INCREMENT,
  `idPoezie` int(11) NOT NULL,
  `idCarte` int(11) NOT NULL,
  `nume` varchar(255) NOT NULL,
  `comentariu` longtext NOT NULL,
  `dataAdaugare` date NOT NULL,
  `vizibil` tinyint(1) NOT NULL,
  PRIMARY KEY (`id`),
  KEY `idPoezie` (`idPoezie`,`idCarte`)
) ENGINE=MyISAM AUTO_INCREMENT=10 DEFAULT CHARSET=utf8;

-- --------------------------------------------------------

--
-- Estructura de tabla para la tabla `poezie`
--

DROP TABLE IF EXISTS `poezie`;
CREATE TABLE IF NOT EXISTS `poezie` (
  `id` int(11) NOT NULL AUTO_INCREMENT,
  `titlu` varchar(255) NOT NULL,
  `idCarte` int(11) NOT NULL,
  `poza` varchar(255) DEFAULT NULL,
  `continut` longtext,
  `dataAdaugare` date DEFAULT NULL,
  PRIMARY KEY (`id`,`idCarte`) USING BTREE
) ENGINE=MyISAM AUTO_INCREMENT=58 DEFAULT CHARSET=utf8;

--
-- Volcado de datos para la tabla `poezie`
--

INSERT INTO `poezie` (`id`, `titlu`, `idCarte`, `poza`, `continut`, `dataAdaugare`) VALUES
(53, 'Ai preferat', 34, '', '\nAi preferat și crucea și Calvarul\r\nlăsându-Te bătut de mâini haine.\r\nPrivind mereu spre zările senine,\r\nTu mă vedeai atunci în cer,cu Tine...\r\nȘi mi-ai trimis în suflet,din cer...Harul!\r\n\r\nCând ucenicii toți au adormit\r\nAi preferat să te rogi pentru mine...\r\nDar nici eu,Doamne n-am fost lângă Tine\r\nCa să veghez în rugă! Dar știu bine,\r\nCă Tu,Isuse,și-atunci m-ai iubit!\r\n\r\nEu sunt de preț în ochii Tăi,Părinte,\r\nChiar greșuri dacă vin în viața mea,\r\nPreferi ca să mă ții în Mâna Ta,\r\nSă-mi spui c-am fost iertat la Golgota !\r\n\r\nSă-ți mulțumesc? N-am lacrimi nici cuvinte!\r\n\r\n22.02.2021\r\n\r\nDaniela Banita', '2021-02-22'),
(54, 'Frumusețe', 34, './assets/imagini/Frumusețe.jpg', '\nTu porți pe umeri zorii Dimineții,\r\nȘi-suflet,rozele trandafirii.\r\nÎn mii de versuri Te-au cântat poeții,\r\nDar numai Tu ești floarea Frumuseții,\r\nCe inimi înfioară-seri târzii\r\nCând Te așteaptă Doamne,ca să vii. \r\n\r\nSă vii pe raza lunii ce cuprinde\r\nîntreg pământul ! Și grădini și flori...\r\nDe Tine Doamne,nu ne-am mai desprinde,\r\nCând Tu ești frumusețea din cuvinte,\r\nDulce sărut ce ni-l dai dinainte\r\nde-a ne trezi în ceruri..În splendori ! \r\n\r\nȘi-ndrăgostit de-această Frumusețe\r\ncum să nu fi? Când Ea e tot ce-i Bun...\r\nChiar de-ai gresit,plângând îți dă binețe,\r\nTe poartă-n suflet pân\'la bătrânețe,\r\nPrin orice floare,pom îți dă povețe!\r\nȘi-ai lumii înțelepți mă cred nebun! \r\n\r\nDar eu cu bucurie la toți spun:\r\nCă-ndrăgostit de-această Frumusețe,\r\nIubirii Tale,Doamne...mă supun ! \r\n\r\n22.02.2021', '2021-02-22'),
(55, 'Cu primăvara-n suflet', 32, './assets/imagini/Cu primăvara-n suflet.jpg', '\nCu primăvara-n suflet pornesc spre Tine, Doamne..\r\nE Dragostea dintâi ce Tu mi-ai dăruit...\r\nFiorul Sfânt ce-L simt în ale mele toamne\r\nDe când la crucea Ta, cu drag Tu m-ai primit!\r\n\r\nO primăvară-n suflet să am spre veşnicie,\r\nSă nu m-adap vreodată din tulburi, ape reci,\r\nSă simt mereu Isuse, în suflet, bucurie\r\nCu lacrimi să-ţi ud urma, piciorului, când treci,\r\n\r\nPrin valea de suspine, la cei care Te cheamă\r\nSă le alini durerea şi lacrima s-o ştergi,\r\nCu mâna ta, Isuse, să pui balsam pe rană\r\nSă-nflăcărezi iar inimi, care devin mai reci...\r\n\r\nCu primăvara-n suflet, pornim spre veşnicie..\r\nTu îmi arăţi din valuri doar cerul minunat!\r\nŞi-mi dăruieşti mereu din Apa Ta cea Vie\r\nCa să nu fiu în lume cu sufletu-nsetat...\r\n\r\nMă chemi în zorii zilei cu şoapte de iubire\r\nŞi-mi spui \"O, Nu te teme, o zi din nou ţi-am dat,\r\nCa să trăieşti şi astăzi a mea neprihănire\r\nCe te v-a duce-odata la Ţărmul Minunat,\r\n\r\nŞi să priveşti natura şi tot ce te-nconjoară\r\nPrin ochii blânzi, senini.. prin ochii de copil,\r\nSă nu te potriveşti cu chipul de afară,\r\nTu să rămâi curată că floarea de april...\r\n\r\nŞi în adânca noapte, când aţipesc în taină\r\nŞi lume şi fecioare cu rodul lor, bogat,\r\nTu să rămâi străjer, în albă, sfântă, haină,\r\nAcolo sus pe turn, unde te-am aşezat!\r\n\r\nIar în amurgul zilei, veni-voi iar la tine\r\nSă nu adormi Iubito.. de nu te-am sărutat...\r\nTu îmi vei spune greul prin multele-ţi suspine,\r\nIar Eu voi asculta, tot ce te-a frământat...\r\n\r\nŞi întristare-amară, si desele batjocuri...\r\nŞi dorul tău din suflet cu care M-ai chemat,\r\nCăci stâncile în cale, sunt puse pân-la ţărmuri.\r\nCu rost... ca să fii aur.. să fii aur curat!\"\r\n\r\nO! Cine poate oare, atâta fericire\r\nSă-mi dăruiască Doamne, când sunt nemângâiat?\r\nTu-mi eşti Izvor de viaţă, Izvorul de iubire!\r\nAş vrea o primăvară, să port, neîncetat,\r\n\r\nPrin ale mele toamne, ce zbor iute ca vântul!\r\nTrecând prin via sfântă, când rodul Ţi-l aduni,\r\nS-aduc şi eu o roadă, cum spune şi cuvântul,\r\nO roadă-mpodobită cu multe rugăciuni,\r\n\r\nSă nu mă ofilesc în verile \"de-afară\"\r\nŞi nici răceala iernii să nu o simt, Isus..\r\nCi inima să-mi fie o sfântă, primăvara\r\nPână ajung la Tine... la Tine-acolo, sus!\r\n\r\n2017', '2021-02-22'),
(5, 'Te-asteapta,azi...', 34, './assets/imagini/Te-asteapta,azi....jpg', '\nTe-aşteaptă azi Cel răstignit, să te întorci Acasă,\r\nCăci multă vreme ai trăit departe de-a ta casă...\r\nDeparte de Harul Divin, de Sfinţii-n Sărbătoare...\r\nTe-aşteaptă tot cerul senin să-ţi cânte o cântare,\r\n\r\nDe Biruinţa lui Isus, a Mielului pe cruce\r\nCare-a purtat păcatul tău, Salvare a-ţi aduce...\r\nTe-aşteaptă ca să vii la El, în Slavă să te-mbrace\r\nÎn deget să-ţi pună Inel... În suflet să-ţi dea Pace!\r\n\r\nDe ce amâni tu, zi de zi şi nu asculţi Chemarea?\r\nIsus, prin lacrimi mii şi mii, în rugă-şi dă suflarea,\r\nViaţa-n chin i se sfârşeşte... Şi ceru-ntreg ascultă,\r\nCum El la Tatăl mijloceşte cu inima-I plăpândă:\r\n\r\n\"O! Tată! Iartă-l! Căci nu ştie ce face-n a lui viaţă...\r\nDar vreau cu Mine-n veşnicie-n acea Dimineaţă\r\nŞi-acesta care m-a bătut, făcându-mi trupul-sânge,\r\nSă-i ierţi acum a lui trecut! Căci pentru el, o cruce,\r\n\r\nEu am purtat nevinovat! Şi-n Dealul Căpăţânii\r\nAm stat pe cruce atârnat pentru păcatul lumii...\r\nŞi vreau ca-n cerul cel înalt, în Slăvile Divine,\r\nO! Tată! Îmbrăcat în alb, să fie el cu Mine!\r\n\r\nÎn Mâna-mpunsă de piroane şi sfâşiată-n cui,\r\nAm scris atunci, Iubite Doamne, plângând, numele lui...\r\nIar spinii, fruntea sângerat... Şi-am plâns, cerut iertare\r\nPentru acel ce-i vinovat! S-asculte-a Mea Chemare!\"\r\n\r\nIsus pe cruce a murit în chinurile grele,\r\nLa Golgota a suferit... Sufletul să ţi-l spele,\r\nSă fii iertat! Din văi pustii, întoarce-te Acasă...\r\nCăci ţi-a deschis spre veşnicii o Cale glorioasă!\r\n\r\n\r\n15.04.2014', '2020-10-10'),
(52, 'Vrăbiile', 32, './assets/imagini/Vrăbiile.jpg', '\nPe o creangă dintr-un nuc\r\nVerde,mare și stufos,\r\nStau de vorbă doua vrăbii ciripind gălăgios.\r\nVorbind despre-aceea care\r\nStă singură-n cuibul ei,\r\nDin cuvinte îi aruncă\r\nVorbe fară de temei:\r\n\r\n\"-Ai auzit tu,surată?\r\nEa se dă mai înțeleaptă...\r\nȘi noi,la fel ca și ea\r\nȘtim cu toate a cânta.\r\nLumea ne aplaudă\r\nOamenii ne caută...\r\nNoi suntem cele-nțelepte!\r\nCei din jur ne văd \"profete\"\r\nȘi ne-aplaudă mereu,\r\nDeci..cu noi e Dumnezeu !\r\nNu cu-aceea care cântă\r\nSingură în cuibul ei..\r\nNoi ne-am săturat de ea,\r\nSă plece dar,unde-o vrea!\r\nPoate-n alt nuc mai de soi\r\nSă facă in el, \"altoi\".\r\n\r\nDar de-odată-n gălăgia\r\nFăcută de vrăbii-n nuc,\r\nCerul trimite solia\r\nȘi-o furtună a-nceput.\r\nNucul cade retezat,\r\nIar vrăbiile ce-au cântat\r\nAu căzut pe neașteptate\r\nPlângându-și a lor, \"dreptate!\"\r\n\r\n\"-O,sărmane vrăbiuțe,\r\nDe-ați avea dragoste-n voi\r\nȘi n-ați fi cu aripi moi,\r\nAți zbura-n zarea curată\r\nCând furtuna se arată!\"\r\n***\r\nMorala? S-o știe oricine:\r\nÎn Scriptură,în vechime,\r\nCând Moise era profet,\r\nSora lui s-a ridicat\r\nPe-al ei frate,a blamat\r\nȘi pe Domnul L-a-ntristat.\r\n\"-Numai el e înțelept?\r\nDoar n-o fi doar el,profet...\r\nȘi prin noi,Domnul vorbește..!\"\r\nTot așa vorbea Maria\r\nDezvelindu-și clar,furia,\r\nDar n-a sfârșit glăsuiala\r\nCăci curând a prins-o boala...\r\nLepra s-a lipit de ea,\r\nRana ei greu o durea...\r\n\r\nDumnezeu e întristat\r\nCând pe-un frate ai blamat...\r\nȘi-acolo în veșnicie,\r\nDacă nu te pocăiești,\r\nDoar amar ai să primești!\r\n\r\nDaniela Banita \r\n\r\n11.03.2014', '2021-02-22'),
(6, 'Doar Tu', 32, './assets/imagini/Doar Tu.jpg', '\nDoar Tu, o, Doamne mi-ai rămas\r\nÎn ceas târziu din noapte,\r\nCând lacrimi frâng al meu obraz\r\nŞi când mă rog în şoapte!\r\n\r\nDoar Tu, Isuse-mi eşti de-ajuns\r\nCând privesc largul zării...\r\nŞi înţeleg şi am răspuns,\r\nEşti Dumnezeul nepătruns\r\nŞi Tatăl Îndurării!\r\n\r\nDoar Tu, Isuse-nviorezi\r\nO inimă ce crede,\r\nCă-n fiecare floare, miez,\r\nÎn fiecare dor sau crez,\r\nSe-ascunde-a Ta Pecete!\r\n\r\nDoar Tu, o, Doamne cercetezi\r\nŞi-mi vezi viaţa toată!\r\nŞi chiar de-ar fi să-ngenunchez,\r\nCu lacrimi mereu să lucrez,\r\nDoar Tu.. doar Tu-mi eşti TATĂ!\r\n\r\nCăci eu te chem să vii să-mi dai\r\nUlei şi sfântă mană,\r\nPutere ca s-ajung în rai\r\nŞi pe-al vrăjmaşului alai,\r\nSă nu-l mai iau în seamă!\r\n\r\nÎn Tine să rămân pe veci,\r\nCu Tine, Sfânt Isus!\r\nCăci Tu, din colţurile reci,\r\nDin moartea cu-ale ei poteci,\r\nLa Viaţa m-ai adus!\r\n\r\nCând lacrima sau încercarea\r\nVor apăsa sufletul meu,\r\nNu vor avea ele, valoarea\r\nSă fie puse alăturea\r\nDe Slava Ta, o, Dumnezeu!\r\n\r\nŞi mă aplec în adorare\r\nCu dorul meu de cer, legat!\r\nTu-mi eşti Iubire şi Salvare\r\nŞi mângâiere-n încercare!\r\nÎn veci, Tu să fii Lăudat!', '2020-10-10'),
(33, 'Primăvară', 34, './assets/imagini/Primăvară.jpg', '\nChiar dacă este ger afară\r\nși bate vântul,și sunt ploi,\r\nSă nu uităm! O primăvară\r\nva veni iar,curând la noi...\r\n\r\nȘi inimile noastre,toate\r\nvor înflori sub raza ei,\r\nCând din pământ vor răsări\r\nfrumoșii,tandrii ghiocei!\r\n\r\nChiar dacă este frig afară,\r\nZăpada-ncet,s-a așezat\r\npeste a timpului povară,\r\nDoar sufletul fie curat!\r\n\r\nSă nu-l învingă nici zăpada\r\nși nici furtunile ce vin...\r\nChiar dacă este frig afară,\r\nDoar sufletul de soare,plin\r\n\r\nsă fie-n ziua Izbăvirii,\r\nCând Isus,pe nori va veni,\r\nVom așeza toți trandafirii\r\nfrumoși,ai serilor târzii,\r\n\r\nPe fruntea Lui,însângerată,\r\nCa și o jertfă de bun miros,\r\nAșa cum pentru noi,odată\r\nS-a dăruit Isus Hristos,\r\n\r\nPurtând in suflet primăvara\r\nPurtând in suflet doruri,mii\r\nCa noi,cu toți să vedem Țara\r\nCe ne-a promis-o-n veșnicii...\r\n\r\nȘi vom intra în primăvara\r\ncurată,a cerului dorit,\r\nAfară vom lăsa povara,\r\nȘi-L vom iubi..căci ne-a iubit !\r\n\r\n13.01.2021', '2021-01-13'),
(8, 'In Scriptura', 34, '', '\nÎn Scriptură se vorbește despre un tânăr prooroc,\r\nCe-a văzut pe Domnul Slavei stând cu îngeri la un loc.\r\nEra plin de Măreție, Domnul Viu și Minunat,\r\nSerafimii, toți în slujbă, capetele și-au plecat,\r\nȘi acoperindu-și fața și picioarele, zburau,\r\nStrigau unul către altul, bucurându-se, ziceau:\r\n\"Sfânt, Sfânt, Sfânt e Domnul care strălucește-n veșnicie.\r\nTot pământul este plin... Plin de a Lui, Măreție.\"\r\n\r\nZguduindu-se ușiorii de Glasul ce răsuna,\r\nPe prooroc l-au prins fiorii.. De fum s-a umplut Casa.\r\nȘi-atunci, Isaia-ndată, văzând marea strălucire,\r\nA strigat spre Domnul Slavei, plin de frică și uimire:\r\n\r\n-\"Sânt pierdut! O, vai de mine! C-am văzut cu ochii mei,\r\nAzi, pe Domnul cel din Slavă și pe serafimii Săi.\r\nBuzele-mi sânt necurate și-n mijlocul celor răi,\r\nLocuiesc.. și îmi duc traiul! Doamne.. iată sânt pierdut!\r\nC-am văzut acum în față Chipul Tău cel nevăzut!\"\r\n\r\nDar un serafim îndată, cu un cărbune încins,\r\nA zburat înspre Isaia și-i vorbi atunci, deschis:\r\n\r\n-\"Iată cu acest cărbune îți ating buzele tale\r\nȘi în slujbă te voi pune să fii lucrător în vale..\r\nIertată ți-e fărdelegea.. și păcatul, ispășit,\r\nȘi să știi că Domnul Slavei și pe tine te-a iubit.\r\nDe azi te-așez în lucrare ca să îmi fi slujitor,\r\nȘi să dai la fiecare floare, din al Meu, popor,\r\nCuvântul cel Sfânt ce vine de la Tronul de-ndurare...\r\nMilă am avut de tine.. milă am de fiecare.\"\r\n\r\n----\r\n\r\nAzi nu mai sânt serafimii.. În lucrare-i Duhul Sfânt\r\nȘi îl dai la toți aceia care-L cer pe-acest pământ...\r\nDoamne.. fă ca azi să vină Duhul Sfânt din cer, la noi,\r\nCă suntem murdari de tină.. iar în suflet suntem goi...\r\nDoamne.. fă ca Izbăvirea să se-arate din cer, Sus,\r\nSă vedem toți Mântuirea! Vino la noi, Scump Isus!\r\nDă-ne focul curățirii, inimile să le-albească,\r\nSă spulbere rodul firii... Și spre Patria Cerească,\r\nSă ne porți în Carul Slavei ca să fim cu toții vii,\r\nPână vom ajunge-Acasă! Noi, iubiții Tăi, copii...\r\n\r\nȘi mai pune-n slujbă tineri... Și mai dă-le iar, avânt,\r\nPe Cale, în orice vreme plini de Duhul Tău cel Sfânt...\r\nSă cunoască fiecare că ești Domn și Lucrător,\r\nCă Tu i-ai chemat pe nume să lucreze în popor.\r\nAșa cum odată, Doamne, pe Isaia l-ai chemat,\r\nȘi iertându-i lui, păcatul, cu Duh Sfânt l-ai îmbrăcat,\r\nAșa te rugăm și astăzi: Pune tinerii-n lucrare\r\nDă-le Tu putere Sfânta să răspundă la chemare...\r\n\r\nAzi nu mai sânt serafimii... Duhul Sfânt este-n lucrare,\r\nCu Aripa Lui, ne-atinge, Doamne, azi pe fiecare,\r\nȘi înflăcărează viața! Dă puteri.. Și Biruința,\r\nPână vei răpi în Slavă, sus la ceruri, Porumbița!\r\n\r\namin.\r\n\r\n26.10.2020\r\n\r\ndupa Isaia 6:1,2\r\n\r\nDaniela Banita', '2020-10-26'),
(9, 'Ai fost candva', 34, '', '\nAi fost cândva plin de putere sfântă\r\nŞi Duhul Lui te însoţea mereu,\r\nDar n-ai vegheat! N-ai mai rămas pe Stâncă\r\nŞi-acum eşti obosit şi-ţi este greu.\r\n\r\nCu florile luminii-adevărate\r\nAi fost împodobit de Dumnezeu...\r\nDar ai schimbat acele nestemate\r\nPe lumea care te-a orbit, mereu.\r\n\r\nAi fost cândva un pom cu roade sfinte\r\nPlin de putere, plin de Harul Lui,\r\nDar n-ai vegheat şi n-ai luat aminte\r\nCă-n dragostea Lui trebuie să rămâi.\r\n\r\nSă poţi răzbi prin val şi prin furtună\r\nCând cel rău luptă mai neobosit,\r\nSă te desprindă din Cereasca, Mână\r\nŞi-n valuri şi furtuni să fi lovit..\r\n\r\nÎţi spui în taina nopţii ce se-aşează\r\nParcă mai mult pe inimă şi-n gând:\r\n\"Eu ştiu că Domnul Vieţii mă veghează\r\nMult nu mai este.. va veni curând..\r\n\r\nDe-ar răsări azi florile iubirii\r\nÎn sufletul meu trist, descurajat,\r\nDe mi-ar surâde iarăşi trandafirii\r\nSă-mi spui Isuse că nu m-ai uitat,\r\n\r\nChiar dacă inima este bolnavă\r\nŞi rece, Doamne.. poate-s lepădat..\r\nŞi-n Lanul Tău acum mă văd doar pleavă..\r\nDoar spune-mi.. spune-mi că nu m-ai uitat..\"\r\n\r\nÎn noapte rece care te-nconjoară\r\nSe-aude-un susur blând, venind de sus,\r\nŞi un fior iar face să tresară\r\nInima ta... E Glasul lui Isus:\r\n\r\n\"Iubita Mea... ascultă... Eu sunt Tată!\r\nCu tine-am fost de la-nceput,să ştii.\r\nTe văd.. tu eşti Mireasă Mea curată\r\nCe o voi duce-n cer, în veşnicii..\r\n\r\nEu îţi cunosc şi gândul şi trăirea\r\nŞi ştiu că dragostea ţi s-a răcit.\r\nAdu-ţi aminte: cum ţi-a fost iubirea\r\nÎn piept.. când fericită M-ai primit?\r\n\r\nTe-ntoarce iar la dragostea curată\r\nPe Stânca Vieţii de-acum să rămâi,\r\nNu-mi voi aduce-aminte niciodată\r\nC-ai părăsit iubirea cea dintâi..\r\n\r\nTe voi lua mereu, mereu de mână\r\nDin valul lumii te voi izbăvi,\r\nŞi fi-vom veşnicia, împreună\r\nAcolo unde-s numai bucurii..\"\r\n\r\n26.07.2018\r\n\r\nDaniela Banita', '2020-10-26'),
(10, 'Nu închide Doamne, Uşa Mântuirii', 34, './assets/imagini/Nu închide Doamne, Uşa Mântuirii.jpg', '\nNu închide Doamne, Uşa Mântuirii,\r\nNu lua din inimi Duhul Tau cel Sfânt.\r\nLasă-ne în suflet fiorul Iubirii,\r\nLângă noi păşeşte, pe acest pământ.\r\n\r\nNu lăsa ca cel rău, fraţii să-i dezbine,\r\nIsuse, ne-adună la Imaşuri verzi,\r\nChiar dacă vreodată nu suntem ca Tine\r\nsfinţi şi fără pată! Tu, o, Doamne, vezi!\r\n\r\nAzi venim să-ţi cerem milă şi iertare\r\nCăci a Ta iubire noi am părăsit...\r\nNe-am hrănit din lume cu ierburi amare...\r\nNu avem putere.. Duhu-i ostenit!\r\n\r\nNu închide Doamne, Uşa Mântuirii,\r\nCând în jurul nostru sunt atâţia mii,\r\nCe nu-Ţi cunosc ziua... Clipa revenirii\r\nDin cerul albastru, spre a izbăvi!\r\n\r\nNu cunosc nici Jertfa,nici Iubirea Sfântă\r\nce s-a frânt pe cruce în dureri şi chin..\r\nLe-ai şterge păcatul, ar scăpa de-osândă,\r\nDe-ar veni la Tine cu plâns şi suspin!\r\n\r\nNu închide Doamne, Uşa Mântuirii\r\nîn grădina aceasta care e pământ,\r\nFă că să-nflorească iarăşi trandafirii,\r\nŞi adu-i la Viaţă din al lor mormânt.\r\n\r\nNu închide Doamne, Uşa Mântuirii,\r\nNu lua din inimi Duhul Tău cel Sfânt...\r\nDă-ne iarăşi Harul.. Flacăra Iubirii:\r\nLe-om purta în suflet, oriunde.. oricând.\r\n\r\n01.11.2020\r\n\r\n\r\n\r\n', '2020-11-01'),
(11, 'O clipă', 34, './assets/imagini/O clipă.jpg', '\nO clipă...\r\n\r\nAș vrea să pot întoarce o clipă viața mea,\r\nȘi să colind pădurea ce-n taină mă chema,\r\nCa să-i ascult cântarea în foșnetu-i divin\r\nVenită dintr-o lume cu cerul tot senin...\r\n\r\nO clipă... doar o clipă să fiu din nou,copil,\r\nCu lacrimi să mă bucur de floarea de april.\r\nDe cântecul viorii când strunele plângeau\r\nîn ceasul înserării! Și stelele-mi șopteau,\r\n\r\nCu glasul lor în noapte,cu glasul lor duios\r\nCă nicăieri nu-i bine. Nici cerul mai frumos,\r\nAșa cum este-acasă! Acolo,toate-s vii,\r\nȘi amintiri..și doruri..și cântec de copii...\r\n\r\nMi-e dor de glasul care,m-a învățat să zbor,\r\nȘi să privesc spre Soare! Că-n urmă-i orice nor,\r\nMi-e dor să privesc luna cum trecea peste sat,\r\nȘi să-mi sărut părinții ce-n poartă i-am lăsat,\r\n\r\nPlecând în noaptea neagră fără de stele-n jur...\r\nMi-e dor de glasul mamei..de ochii ei de-azur...\r\n\r\nMi-e dor de duzii care,sfioși își aplecau\r\npeste furtuni și soare,rodul ce-l aduceau\r\nîntr-un căuș de lacrimi,țesut în al vremii,zbor...\r\nDe duzii mei din poartă,mi-e dor! Mi-e tare dor...\r\n\r\nMi-e dor de vechi prieteni,de satul meu,iubit,\r\nDe iarba de acasă și câmpul înflorit,\r\nCe duce pe-ai săi umeri o lacrimă de stea:\r\nE lacrima măicuței unită cu a mea...\r\n\r\nDar n-am uitat pe nimeni..În suflet am păstrat\r\nvorba tăcută,dulce-al scripcarului din sat...\r\nÎi văd și-acuma fața și-i aud glasul blând:\r\n\"O,vino fată dragă..vreau să te-aud cântând!\"\r\n\r\n*****\r\n\r\nAcasă,doar acasă sunt flori ce înfloresc,\r\nSă le cuprind în brațe. Atâta mai doresc.\r\nȘi să le spun că-n vreme,pe nimeni n-am uitat:\r\n\"Absent-am fost o clipă numai, din al meu sat!\"\r\n\r\n28.11.2020\r\n\r\nDaniela Banita', '2020-12-03'),
(12, 'Te uită...', 34, '', '\nTe uită-n urma ta ce valuri,\r\nȘi ce furtuni pe cale-au fost...\r\nÎn toate,numai Domnul Slavei\r\nți-a fost puternic adăpost.\r\nEl te-a luat cu gingășie,\r\nÎn dragostea Lui,te-a purtat,\r\nȚi-a daruit Apa cea Vie\r\nSă nu ai sufletu-nsetat...\r\nȘi ai văzut lucrări mărețe\r\nCând tu,pe Domnul îl urmai..\r\nDar umbli azi,pe căi răzlețe\r\nȘi ai uitat că este-un Rai..\r\nȘi ai uitat că Domnul Slavei\r\nEste si-un foc mistuitor\r\nGelos,fiind cănd de la cruce\r\nSe-ndepărtează al Lui popor..\r\nO,nu mai amâna! Că-i ceasul\r\nCel Sfânt al revenirii Sale..\r\nSpre ceruri,azi îndreaptă-ți pasul\r\nsă ai speranță și iertare..\r\nÎntoarce-te! Și lasă lumea\r\nCu idolii și zeii ei..\r\nDin ce fântâni îți tragi puterea\r\nȘi apa..tu de unde-o bei?\r\nHristos,Fântâna Mântuirii\r\nTe-așteaptă azi..că nu-i târziu\r\nSă vii pe calea Fericirii,\r\nȘi-n Raiul Său,tu să fi viu.\r\n\r\n27.11.2020\r\n\r\nDaniela Banita', '2020-12-03'),
(13, 'Culeg cu cerul...', 34, './assets/imagini/Culeg cu cerul....jpg', '\nCuleg cu cerul florile Iubirii,\r\nLe strâng într-un buchet cu raze,mii...\r\nȘi spun la toți ,că numai trandafirii\r\nsunt florile ce vor cânta în veșnicii!\r\n\r\nȘi spun la toți: Oricât ar fi durerea\r\nce-apasă-n suflet mai mult,zi de zi,\r\nPriviți doar Cerul ! Acolo-i Mângăierea...\r\nDe o chemați,la voi iar va veni!\r\n\r\nO,Mângăiere... Sfântă! Minunată,\r\nCum știi s-alini când trecem iar,prin greu...\r\nCum porți în Inima-Ți Nevinovată\r\nși lacrimi! Și iubiri din Dumnezeu!\r\n\r\nCum umpli viața celor ce te cheamă,\r\nCând trandafirii,mai mult te doresc\r\nsă vii la ei..Așa ca și o mamă,\r\nSă pui pe răni balsamul tău,ceresc...\r\n\r\nȘi să îi porți gingaș pe fiecare.. \r\nÎn lume sunt atâția osteniți!\r\nAdu-le-n suflet azi, înviorare,\r\nȘoptește-le din nou că sunt iubiți!\r\n\r\nCuleg cu cerul florile Iubirii,\r\nLe strâng într-un buchet cu raze,mii...\r\nȘi spun la toți că numai trandafirii\r\nsunt florile ce vor ajunge-n Veșnicii!\r\n\r\n19.11.2020\r\n\r\nDaniela Banita', '2020-12-03'),
(14, 'Din Isaia', 34, '', '\nÎn Scriptură se vorbește despre un tânăr prooroc,\r\nVăzut-a pe Domnul Slavei stând cu îngeri la un loc.\r\nEra plin de Măreție, Domnul Viu și Minunat,\r\nSerafimii, toți în slujbă, capetele și-au plecat,\r\nȘi acoperindu-și fața și picioarele, zburau,\r\nStrigau unul către altul, bucurându-se, ziceau:\r\n\"Sfânt, Sfânt, Sfânt e Domnul care strălucește-n veșnicie.\r\nTot pământul este plin... Plin de a Lui, Măreție.\"\r\n\r\nZguduindu-se ușiorii de Glasul ce răsuna,\r\nPe prooroc l-au prins fiorii.. De fum s-a umplut Casa.\r\nȘi-atunci, Isaia-ndată, văzând marea strălucire,\r\nA strigat spre Domnul Slavei, plin de frică și uimire:\r\n\r\n-\"Sânt pierdut! O, vai de mine! C-am văzut cu ochii mei,\r\nAzi, pe Domnul cel din Slavă și pe serafimii Săi.\r\nBuzele-mi sânt necurate și-n mijlocul celor răi,\r\nLocuiesc.. și îmi duc traiul! Doamne.. iată sânt pierdut!\r\nC-am văzut acum în față Chipul Tău cel nevăzut!\"\r\n\r\nDar un serafim îndată, cu un cărbune încins,\r\nA zburat înspre Isaia și-i vorbi atunci, deschis:\r\n\r\n-\"Iată cu acest cărbune îți ating buzele tale\r\nȘi în slujbă te voi pune să fii lucrător în vale..\r\nIertată ți-e fărdelegea.. și păcatul, ispășit,\r\nȘi să știi că Domnul Slavei și pe tine te-a iubit.\r\nDe azi te-așez în lucrare ca să îmi fi slujitor,\r\nȘi să dai la fiecare floare, din al Meu, popor,\r\nCuvântul cel Sfânt ce vine de la Tronul de-ndurare...\r\nMilă am avut de tine.. milă am de fiecare.\"\r\n\r\n----\r\n\r\nAzi nu mai sânt serafimii.. În lucrare-i Duhul Sfânt\r\nȘi îl dai la toți aceia care-L cer pe-acest pământ...\r\nDoamne.. fă ca azi să vină Duhul Sfânt din cer, la noi,\r\nCă suntem murdari de tină.. iar în suflet suntem goi...\r\nDoamne.. fă ca Izbăvirea să se-arate din cer, Sus,\r\nSă vedem toți Mântuirea! Vino la noi, Scump Isus!\r\nDă-ne focul curățirii, inimile să le-albească,\r\nSă spulbere rodul firii... Și spre Patria Cerească,\r\nSă ne porți în Carul Slavei ca să fim cu toții vii,\r\nPână vom ajunge-Acasă! Noi, iubiții Tăi, copii...\r\n\r\nȘi mai pune-n slujbă tineri... Și mai dă-le iar, avânt,\r\nPe Cale, în orice vreme plini de Duhul Tău cel Sfânt...\r\nSă cunoască fiecare că ești Domn și Lucrător,\r\nCă Tu i-ai chemat pe nume să lucreze în popor.\r\nAșa cum odată, Doamne, pe Isaia l-ai chemat,\r\nȘi iertându-i lui, păcatul, cu Duh Sfânt l-ai îmbrăcat,\r\nAșa te rugăm și astăzi: Pune tinerii-n lucrare\r\nDă-le Tu putere Sfânta să răspundă la chemare...\r\n\r\nAzi nu mai sânt serafimii... Duhul Sfânt este-n lucrare,\r\nCu Aripa Lui, ne-atinge, Doamne, azi pe fiecare,\r\nȘi înflăcărează viața! Dă puteri.. Și Biruința,\r\nPână vei răpi în Slavă, sus la ceruri, Porumbița!\r\n\r\namin.\r\n\r\n26.10.2020\r\n\r\ndupa Isaia 6:1,2\r\nDaniela Banita', '2020-12-03'),
(15, 'Vin azi,la Cruce', 34, './assets/imagini/Vin azi,la Cruce.jpg', '\nVin azi la cruce ca să-ți cer iertare\r\nCăci multe ți-am greșit..și-mi pare rău..\r\nDar lasă-mi sufletul din nou să zboare,\r\nȘi liber sa ajungă-n Cerul Tău!\r\n\r\nAm fost luat de valuri! Și iubirea\r\nce am primit-o-n dar de la Isus,\r\nÎn suflet n-am pastrat-o ! Dar privirea\r\nde multe ori in lume,mi s-a dus.\r\n\r\nȘi m-am luptat de-atunci singur cu valul,\r\nIar Mâna Ta imi zdrobea inima..\r\nCredeam că voi ajunge la limanul\r\ncel hotărât de Tine-n viața mea.\r\n\r\nAdesea,barca mi-a fost sfărâmată\r\nDe stâncile ce-n cale s-au ivit!\r\nDar Tu mi-ai spus de fiecare dată:\r\n\"Întoarce-te la Mine,fiu iubit!\"\r\n\r\nDe-atâtea ori,Tu m-ai chemat din lume,\r\nDar inima..mereu s-a împietrit\r\nȘtiam ca port Pecetea unui Nume\r\nce la calvar pe cruce S-a jertfit.\r\n\r\nȘtiam că Legământul stă-n picioare..\r\nCă nu disprețuiești nicicând pe-ai Tăi..\r\nCă ai murit ca să le dai salvare,\r\nSă-i iei la Tine-apoi,dintre cei răi.\r\n\r\nDar astăzi vin..căci dor îmi e de Tine...\r\nȘi nu stiu daca ma vei asculta.\r\nȘi nu știu daca vei privi spre mine..\r\nAtâta vreau: să primesc Pacea Ta!\r\n\r\nȘi de la cruce,se-aude chemarea:\r\n\"De câte ori la Mine ai venit,\r\nDe-atâtea ori ți-am dăruit iertarea,\r\nCăci tu esti fiul Meu cel prea-iubit!\"\r\n\r\n11.10.2020\r\n\r\nDaniela Banita', '2020-12-03'),
(17, 'Măicuța fără de un ochi', 32, './assets/imagini/Măicuța fără de un ochi.jpg', '\nA fost cândva odată un tinerel ce-avea\r\nO mamă iubitoare care mereu plângea.\r\nAvea un singur ochi şi nu ştia de fel\r\nde ce măicuţa n-are doi ochi aşa ca el...\r\n\r\nLa şcoală când a mers rusine-i era cu ea\r\nCăci a uitat că-n viaţă o mamă doar, avea,\r\nO alunga mereu, când ea doar din iubire\r\ncu braţele-ncărcate, la el, fără de ştire,\r\n\r\nVenea ca să îi spună c-atâta îl iubeşte,\r\nLăsându-i câte ceva din ce agoniseşte\r\nîn casa ei bătrâna... dar ce folos că el,\r\nO alunga într-una! Nu se lăsa defel...\r\n\r\nN-a vrut ca s-o mai vadă nici când s-a însurat,\r\nCă de acum era la casa lui, bărbat...\r\nŞi fără ca să-i dea prea multe explicaţii\r\nLa nuntă n-o chema, căci sperie invitaţii..\r\n\r\nAvea biata femeie un ochi  şi un copil\r\nDar cin\' să te-nţeleagă când tu trăieşti umil?\r\nŞi-a luat inima-n dinţi, s-a dus la el acasă\r\nCu lacrime fierbinţi să-i spună ce-o apasă...\r\n\r\nBăiatul, care-atât de mult ea îl iubea,\r\nO alungă, spunându-i că i-a distrus viaţa.\r\nŞi nora şi nepoţii cu toţi s-au speriat\r\ncând au văzut femeia doar cu un ochi... şi-ndat,\r\n\r\nBăiatul ei strigă:\"-Afară! Nu te-ntoarce.\r\nPe viitor, de-acuma tu să mă laşi în pace..\r\nCăci sunt la casa mea. Am totul din prisos\r\nDe tine n-am nevoie. o pleacă! Rog frumos...!\"\r\n\r\nPlecă bătrâna iarăşi, în suflet, suspinând..\r\nCe n-ar fi dat o clipă ca pe nepoţi, râzând\r\nsă-i vadă.. Doar o clipă  să-i mângâie şi ea,\r\nŞi să-i sărute faţa la nora ce-o avea...\r\n\r\nTrecură ani la rând. Bătrâna, draga-i mamă,\r\nSe stinse suspinând.N-a fost luată-n seamă\r\nde singurul copil ce-atata îl iubise...\r\nDar îi lăsă pe-un scrin, cuvinte de ea scrise:\r\n\r\n\"-Să ştii copilul mamei, copilul meu cel drag,\r\nAtunci când ai fost mic, un ochi ţi-a fost bolnav\r\nŞi n-am putut să stau aşa, nepăsătoare,\r\nCăci am dorit să ai tot ce-i mai bun sub soare.\r\n\r\nM-am dus la un spital şi-un om mi-a spus aşa:\r\nCă leacul cel mai bun l-aceasta boală-a ta\r\nE să primeşti un ochi ce n-a fost vătămat...\r\nŞi ţi-am dat ochiul ţie, iubitul meu băiat!\r\n\r\nMă iartă.. n-am ştiut să mă comport cu tine...\r\nAtâta mi-am dorit să-ţi fie ţie bine!\r\nDe-aceea azi îţi scriu. Faţa n-ai să-mi mai vezi...\r\nMă iartă dragul mamei! Că eu te iert! Mă crezi?\"\r\n\r\n***\r\n\r\nDe-ți mai trăiește mama,chiar dacă e bolnavă,\r\nŞi ți-e rusine-a merge cu ea în plină stradă,\r\nOricum ar fi măicuţa, oricum ar arăta,\r\nTu poartă-i tot respectul! Că este mama ta!\r\n\r\nCa să-ţi cinsteşti părinţii de Dumnezeu e scris,\r\nPorunca a fost dată din cer,din paradis...\r\nCa să ai zile multe şi să fii fericit:\r\nTu să-ţi respecţi părinţii, c-atâta te-au iubit!\r\n\r\nDe-asculti porunca dată de Tatăl, Dumnezeu,\r\nDe-ţi vei cinsti părinţii chiar şi când trec prin greu\r\nVei fi şi tu cinstit de-ai tăi copii, să ştii\r\nŞi vei purta în suflet, doar sfinte bucurii!\r\n\r\n\r\nDaniela Banita\r\n\r\n2015', '2020-12-06'),
(18, 'Și noiembrie...', 35, './assets/imagini/Și noiembrie....jpg', '\nȘi noiembrie își are\r\nRolul lui în astă lume:\r\nTe îndeamnă la visare\r\ncând afară \"plouă-n spume\"\r\n\r\n1 noiembrie 2020\r\nLogroño\r\n', '2020-12-06'),
(19, 'Și Soarele...', 35, './assets/imagini/Și Soarele....jpg', '\n...Și Soarele ne cheamă în zorii dimineții,\r\nPrivindu-ne din ceruri,cu ochiul jucăuș,\r\nCu mii si mii de raze făcându-le căuș,\r\nNe dăruiește roua din cupa frumuseții,\r\nRostind cu Glasu-I dulce: \r\n-\"Eu sânt cu voi,prieteni,pân\'la sfârșitul vieții!\"\r\n\r\n30.10.2020\r\n\r\nDaniela Banita', '2020-12-06'),
(20, 'Prieten drag', 34, '', '\nPrieten drag,de n-am fost Lumină, pentru tine,\r\nSau umăr,unde să-ți sprijini durerea ta la greu,\r\nDe nu ți-am trasat calea cu sufletul din mine\r\nSă-L poți vedea pe ea, mereu pe Dumnezeu,\r\n\r\nDe nu am facut totul sa poți vedea Lumina,\r\nDe n-ai simțit zefirul cum îți șoptește blând,\r\nCă pân-la stele -nalț cu lacrimi,rugăciunea\r\nsă poți veni la Domnul..să poți veni,curând,\r\n\r\nDe nu te-a-nfiorat nici versul..nici cântarea\r\nce-au fost spuse din suflet,și doreau să te-ntorci\r\nla Cel care odată,prin Jertfă-a străpuns zarea\r\nca tu sa scapi de lume..de roșcove..de porci,\r\n\r\nDe n-ai simțit Iubirea venind din zări senine,\r\nIubirea cea curată și sfântă-a lui Isus,\r\nPrivește-atunci Golgota..cum încă pentru tine,\r\nPe crucea grea se lasă iar Dumnezeu,străpuns...\r\n\r\nPoate ai intelege că încă orb din fire\r\nTu ești! Și n-auzi glasul atâtor chemări vii,\r\nCare îți spun că astăzi să vii la mântuire,\r\nCăci făr\' de ea nu poți să intri-n veșnicii...\r\n\r\nDe nu ți-am fost Lumină și umăr pe cărare,\r\nDe n-am cântat așa,cum trebuia sa cânt,\r\nPrietene..iți cer de pe acum iertare..\r\nCu sufletul scăldat în lacrimi,tremurând..\r\n\r\nDar știu ca mi-am dorit atât: să vii spre Soare,\r\nSă primești mântuirea care te-așteaptă blând,\r\nTăcută și rănită sub ale ei piroane...\r\n\r\nÎntoarce-te la Domnul...o,vino mai curând!\r\n\r\nDaniela Banita\r\n\r\n13.10.2020', '2020-12-06'),
(21, 'Tăcerea', 34, './assets/imagini/Tăcerea.jpg', '\nTăcerea se-așează în timp peste noi,\r\nNu mai sunt lacrimi,chemări și nici ploi,\r\nDoar marea din suflet îngână un cânt\r\nși-adoarme pe raza de lună-așteptând...\r\n\r\nCe-aștepți tu,mare? Ce vrei ca să știi?\r\nLuna dispare când tăcerile-s vii,\r\nRămâne doar cerul cu gândul curat\r\nși-aleargă spre sufletul cel însetat...\r\n\r\nCăci marea nu-l poate deloc,ostoi,\r\nNici vise,poeme..sau ce ar mai fi...\r\nO rază de soare spre suflet îmi vine\r\ns-alunge furtuna din jur..și din mine!\r\n\r\nHai mare ! Aruncă din sufletul meu\r\nce-am strâns in tăcere....tu,mare și eu!\r\nȘi du-te și tu ! Vreau liber sa fiu...\r\nDe tine si vuietul tău să nu știu...\r\n\r\nDoar cerul,al meu suflet să-l umple mereu\r\nȘi liber să fie...în Dumnezeu !\r\n\r\n\r\n09.05.2020\r\nDaniela Banita\r\n\r\n*marea=aici rolul de lume.', '2020-12-10'),
(22, 'Cersetorul', 34, './assets/imagini/Cersetorul.jpg', '\nNeînsemnat şi fără de putere,\r\nLa colţ de stradă stătea un copil.\r\nN-avea curaj de la oameni, a cere\r\nDoar un bănuţ... şi îi privea umil...\r\n\r\nAvea doi frăţiori cu el,acasă,\r\nŞi nici ei nu erau mai mari ca el,\r\nDar foamea nu-l lăsa să stea  în casă\r\nCa să îi vadă cum plâng ei, la fel,\r\n\r\nCând masa este mereu, mereu goală,\r\nIar bani.. şi-acei puţini s-au terminat\r\nŞi cel mai mic din ei, avea o boală\r\nCu tratament lung, mereu cumpărat...\r\n\r\nIar mama.. se trudea şi zi şi noapte\r\nS-aducă pâinea.. căci erau sărmani\r\nDe când tatăl lor a plecat departe,\r\nŞi nu le-a lăsat nici măcar doi bani\r\n\r\nPrivea îngândurat la toţi cei care,\r\nTreceau nepăsători prin faţa lui\r\nŞi se-ntreba: niciunul milă n-are,\r\nSă dea doar un bănuţ copilului?\r\n\r\nSau să-l întrebe unde-i este casa\r\nDe are mamă, tată... sau chiar fraţi...\r\nDacă le-a fost vreodată plină masa,\r\nŞi să-i privească ochii disperaţi...\r\n\r\nŞi nu ştia nici colţ de pâine-a cere,\r\nDoar asculta-n tăcere al lor paşi,\r\nÎn sufletul lui simţea iar durere\r\nCând se gândea la fraţii lui, rămaşi...\r\n\r\nS-aştepte.. căci el le-a promis mâncare\r\nŞi dulciuri.. şi bomboane.. jucării..\r\nDar ce să facă Doamne-acuma, oare\r\nSă ia.. de unde-aceste bucurii?\r\n\r\nDe unde Doamne, şi-aceasta minune,\r\nCând masa-i goală şi-i foame, mereu?\r\nŞtia atât... la orice rugăciune,\r\nRaspunde-ntotdeauna Dumnezeu...\r\n\r\nCu mâinile în rugă-mpreunate\r\nCu lacrimi şiroind pe-al său obraz\r\nEl se ruga.. ştiind că Domnul poate!\r\nDoar El ca să-l mai scape din necaz...\r\n\r\nŞi cu ce dor strigă acum. spre Domnul\r\nSpunând că-i foame.. si e obosit...\r\nDar dintr-odată, se trezi din somnul\r\nAdânc, în care-atunci a adormit..\r\n\r\nDar cum se poate? el..? el,cerşetorul,\r\nLa colţ de stradă s-aştepte umil,\r\nCând masa-i plină...? Dar Învăţătorul\r\nAcel ce îl ştia de mic copil,\r\n\r\nA vrut ca să-l înveţe dărnicia\r\nŞi mila şi iubirea pentru fraţi...\r\nDe vrea să poarte-n suflet, bucuria\r\nŞi-n cer să şadă lângă cei bogaţi...\r\n\r\n-\"Vezi tu copile? Când la colţ de stradă\r\nTu întâlneşti un om al nimănui,\r\nTe-apleacă lângă el.. fără zăbavă\r\nAscultă-i şi durerea omului...\r\n\r\nÎmparte cu el tot... a ta mâncare\r\nCăci tot ce faci, te vede Dumnezeu,\r\nŞi nu te uita doar la-nfăţişare:\r\nCă-n cerşetor, de multe ori sunt Eu!\"\r\n\r\nDaniela Banita', '2020-12-10'),
(23, 'Se-aprind steluțe-n satul meu', 34, './assets/imagini/Se-aprind steluțe-n satul meu.jpg', '\nSe-aprind steluţe-n satul meu\r\nE linişte.. e seară..\r\nIar mama îmi spune mereu\r\nDe Pruncul dat de Dumnezeu\r\nÎn iesle... prin fecioară.\r\n\r\nE seara tainică de-ajun\r\nSe-aud colindătorii,\r\n\"-Copile drag,tu să fii bun\r\nNu doar în ziua de Crăciun,\r\nCi cât vor ţine zorii!\"\r\n\r\nIar glasul ei, îl ascultam\r\nŞi mă miram nespus\r\nCă-n ochii limpezi eu vedeam\r\nDoar străluciri... când auzeam\r\nCă-mi spune de Isus.\r\n\r\nCum a venit din cer senin\r\nÎn iesle să se nască\r\nŞi să ne dea Darul Divin\r\nCu pace.. şi miros de crin\r\nCa să ne mântuiască!\r\n\r\n...\r\n\r\nSe-aprind stelute-n al meu sat\r\nŞi-un dor.. încet m-apasă\r\nEste Crăciun.. şi s-a-nnoptat..\r\nŞi-aş vrea şi-acum că altădat\r\nSă fiu cu-ai mei la masă..\r\n\r\nDar vântul spulberă din ram\r\nZăpada.la fereastră...\r\nColinde,nu se-aud la geam\r\nŞi printre lacrimi eu priveam\r\nÎn vale.. casa noastră,\r\n\r\nParcă pustie este-acum\r\nCând mama.. nu mai este\r\nŞi plâng Luceferii pe drum\r\nLa casă.. nu mai iese fum...\r\nCăci tainica poveste,\r\n\r\nCe-o ascultam mereu, mereu\r\nÎn prag de Sărbătoare\r\nN-o mai aud.. şi-mi este greu\r\nPrivind satul în vale..\r\n\r\nDaniela Banita', '2020-12-10'),
(24, 'Te-aștept copilul meu', 32, './assets/imagini/Te-aștept copilul meu.jpg', '\nTe-aştept copilul meu şi azi acasă,\r\nDiseară este seara de Crăciun!\r\nŞi vom fi iar cu toţii strânşi la masă,\r\nDoar tu îmi vei lipsi, copile bun!\r\n\r\nDegeaba e-ncărcată a mea masă,\r\nDegeaba-s adunaţi cu toţii-n jur...\r\nDacă lipseşte un copil de-acasă,\r\nDoar lacrimi curg din ochii de azur!\r\n\r\nÎn fiecare zi te-aştept... Şi gândul\r\nŞi dorul meu, mereu, mereu îl plâng,\r\nÎmi număr sărbătorile la rândul\r\nŞi zi de zi, durere-n suflet strâng!\r\n\r\nŞi teamă mi-e că viaţa-mi va apune,\r\nIar anii mei sunt poate la sfârşit...\r\nŞi teamă mi-e că n-o să-ţi mai pot spune,\r\nCopile... Cât de mult eu te-am iubit!\r\n\r\nSă vii aşa cum tu veneai, odată,\r\nMicuţ..cu ochii mari şi par balai,\r\nCând mă-ntrebai mereu de Ceresc Tată\r\nŞi cum poţi ca s-ajungi şi tu în Rai?\r\n\r\nTe cuibăreai la pieptul meu, ştii bine...\r\nŞi îmi cereai ca să îţi cânt mereu,\r\nDin Harfa noastra de  cântări, divine,\r\nCu dragoste-ţi citeam  Cuvântul Său!\r\n\r\nMă întrebai de Duhul Sfânt, de îngeri,\r\nDe ostile cereşti, de mii şi mii...\r\nDar azi, în inim-au rămas doar plângeri\r\nCe-n întristare sunt... din bucurii!\r\n\r\nNe adunam în colţul casei, seara,\r\nŞi-L Lăudam mereu pe Dumnezeu...\r\nDe sub arcuş se auzea plângând, vioara...\r\nPlângând se-aude şi astăzi, mereu!\r\n\r\nO! Cum aş vrea să vină iarăşi clipa\r\nSă fii din nou micuţ, nevinovat...\r\nŞi Dumnezeu să-ţi dea din nou, aripa\r\nSă nu te duci în lumea de păcat!\r\n\r\nO! Cum aş vrea să vii din nou, acasă...\r\nSă-mi spui că-ţi pare rău, că ai greşit!\r\nCu haine noi te-aş îmbrăca! La masă,\r\nLa toţi le-aş spune că tu ai venit!\r\n\r\nMereu mă rog şi Dumnezeu mă ştie...\r\nAştept Lucrarea Lui în viaţa ta!\r\nCând va veni o zi de bucurie\r\nPrin lacrimi, chipul tău să-l pot vedea!\r\n\r\nŞi chiar de port în piept amărăciune\r\nDar ştiu că Dumnezeul cel Slăvit,\r\nRăspuns va dărui la rugăciune\r\nŞi-mi voi vedea şi visul împlinit!\r\n\r\nCând prinşii de război se-ntorc Acasă,\r\nEliberaţi de jugul robitor,\r\nLa Nunta lui Isus vom sta la Masă,\r\nCând n-or mai fi nici lacrimi şi nici dor!\r\n........\r\nDaniela Banita\r\n\r\ndecembrie 2013', '2020-12-12'),
(25, 'N-ai să-nțelegi', 34, '', '\nN-ai să-nțelegi ce-i suferința\r\nnicicând ! Oricât ai încerca,\r\nDe n-ai trecut prin valuri grele,\r\nȘi n-ai simțit cum Mâna Sa,\r\nTe-a scos din focul curățirii,\r\nTe-a mângâiat și te-a iubit...\r\nN-ai să-nțelegi ce-i suferința\r\noricât ai spune c-ai suferit!\r\n\r\nN-ai să-nțelegi ce este mila,\r\nNici starea celui ce-i flămând,\r\nDe nu ai plâns și tu,odată\r\nla mila altuia,așteptând,\r\nDoar când Isus deschide cerul,\r\nHambarul Lui e plin mereu...\r\nAtunci vei întelege starea\r\nacelora ce trec prin greu.\r\n\r\nN-ai să-nțelegi nicicând,Iertarea\r\npe care-ar trebui s-o dai,\r\nAcelui care te mâhnește\r\nîn drumul tău,spre veșnic Rai...\r\nNumai atunci când ești iertat\r\nde Domnul,care te-a iubit,\r\nAtunci poți dărui Iertarea\r\nacelui care te-a mâhnit!\r\n\r\nN-ai să-nțelegi nici Jertfa,care\r\nși pentru tine-atunci s-a dat,\r\nCa tu să vii..Să vii spre Soare\r\nși să îmbraci veștmânt curat...\r\nNumai atunci când îți dai seama\r\ncă ești pierdut pentru vecii...\r\nVei înțelege ce-i Jertfirea,\r\nCă-n locul tău,Isus,muri...\r\n\r\nN-ai să-nțelegi ce-i fericirea\r\ndacă prin lume tot alergi,\r\nȘi cauți bucurii la oameni,\r\nȘi rodul lor amar,culegi...\r\nNumai atunci când vii la Cruce\r\nși-ți lași păcatul tău cel greu,\r\nDin înălțimi,Isus aduce\r\no pace sfântă-n Dumnezeu!\r\n\r\nȘi dacă nu-nțelegi Iubirea,\r\nȘi Mila..Și-a Lui,Mântuire,\r\nO,spune-atuncea,drag creștine:\r\nCum vei zbura spre nemurire?\r\nDe nu te-ntorci acum la Isus,\r\nIar pocăința n-o trăiești,\r\nO,spune-mi: Când sfârșitul vine,\r\nVei fi luat în zări cerești?\r\n\r\nCe bine-ar fi ca azi,trezirea,\r\nSă-și facă loc in pieptul tău,\r\nȘi să apuci și tu,Răpirea\r\nCopiilor lui Dumnezeu!\r\n\r\nȘi să-nțelegi ce e Iubirea,\r\nȘi Mila..Și a Lui,Iertare...\r\nSă semeni tot mai mult cu Domnul\r\nîn viața-aceasta trecătoare...\r\n\r\n12.12.2020\r\n\r\nDaniela Banita', '2020-12-15'),
(26, 'Acesta e Crăciunul', 34, './assets/imagini/Acesta e Crăciunul.jpg', '\nLa colţ de stradă, un copil priveşte\r\ncu ochi senini, spre toţi acei ce trec\r\npe lângă el! Şi vântul viscoleşte\r\ncu fulgii mari, ce-n joacă se întrec.\r\n\r\nStă trist sărmanul! Haina lui cea lungă,\r\nA căpătat-o într-o zi cu soare...\r\nEra pomană! Şi-a primit şi-o pungă,\r\nCu dulciuri multe, apă şi mâncare.\r\n\r\nPantofii rupţi, cu talpa-i peticită,\r\nFiind prea mari, erau cam greu la mers\r\nprintr-o zăpadă prea curând, sosită\r\nîn micul şi săracu-i univers!\r\n\r\nIar ochii lui, aşa ca două stele\r\nce strălucesc în nopţile târzii,\r\nPriveau spre-acei ce cărau plase grele\r\ncu pâine şi mâncare.. jucării,\r\n\r\nFără de grijă în a lor, umblare,\r\nCe fericiţi atunci, păreau a fi...\r\nVenea Crăciunul! Sfântă Sărbătoare\r\ncu brazi şi beculeţe mii şi mii...\r\n\r\nPrivind la ei, sărmanul se întreabă:\r\n-\"Cu de nu-l vede oare, nimenea\"?\r\nAr merge pentr-o pâine iar, la treabă,\r\nŞi ar munci o zi de l-ar lua,\r\n\r\nVreun călător, ce trece-asa în grabă...\r\nDar nimeni nu îi spune un cuvânt,\r\nŞi nu se-aşează lângă el să-i vadă\r\ntrupul înfrigurat, bătut de vânt!\r\n\r\nSe lasă noaptea peste-a străzii, strună,\r\nColindători se-aud cântând la geam.\r\nDar el, necazul, la cine să-l spună\r\ncă-i singur, singurel de-acum un an!\r\n\r\nNu are mamă... Şi nu are tată!\r\nDoar câinele Grivei, i-a mai rămas,\r\nŞi-o haină lungă, şi prea mult purtată,\r\nDemult primită la un parastas.\r\n\r\nŞi obosit de-a gerului, asprire,\r\nFlămând fiind, adoarme în zăpadă.\r\nÎn visul lui, el vede cu uimire\r\ncă-l cheamă iar, măicuţă lui cea dragă,\r\n\r\nLa bunătăţile puse pe masă,\r\nLa jucării, ce-n zare strălucesc!\r\nSe vede parcă în micuţa-i casă\r\ngătită ca şi un palat regesc!\r\n\r\nCe zâmbet minunat are măicuţa...\r\nCe bine-ar fi să fie-n viaţă, iar!\r\nDar a plecat la Cer.. lăsând căsuţa,\r\nŞi-n inima lui, un etern amar!\r\n\r\nIar lacrima-i fierbinte îl trezeşte...\r\nÎn jurul lui e frig! Măicuţa.. nu-i!\r\nÎnsă Grivei, la faţa lui, priveşte\r\nparcă i-ar spune:- \"Nu eşti al nimănui\"!\r\n\r\nDoar el îi intelege-acum, durerea...\r\nPrietenul lui drag de-atâta vreme!\r\nCe mult ar vrea să simtă mângâierea,\r\nMăicuţa-n casă, iarăşi să îl cheme...\r\n\r\nFlămând şi trist, cu roua caldă-n gene,\r\nAdoarme iar, gândind c-o va visa...\r\nŞi-i iar Crăciun! Dar nimeni n-o să-l cheme\r\nsă-i dea iubirea! Să-i dea pâinea sa!\r\n\r\n             * * * * *\r\n\r\nŞi-i iar Crăciun! Voi oameni ce în grabă\r\ntreceţi pe lângă cei neînsemnaţi...\r\nOpriţi-vă! Isus, astăzi vă-ntreabă:\r\n\"Cu cei săraci, orfani, cum vă purtaţi?\r\n\r\nAtât de mulţi aşteaptă mângâierea,\r\nAtât de mulţi îşi plâng necazul lor,\r\nÎşi plâng în pumni şi foamea şi durerea,\r\nŞi nimeni nu le vine-n ajutor!\"\r\n\r\nCrăciunul, nu-i mâncare, băutură...\r\nE Sărbătoarea Pruncului de Sus!\r\nPriviţi în jurul vostru fără ură,\r\nŞi aduceţi în casă pe Isus!\r\n\r\nPe-acei care n-au mamă şi nici tată,\r\nPe-acei care v-aşteaptă s-aveţi milă...\r\nChiar de-i murdară haina ce o poartă,\r\nNu-i mai priviţi de sus, aşa, cu silă!\r\n\r\nAduceţi-i în casă, la căldură,\r\nCu haine bune-i îmbrăcaţi, apoi,\r\nDin pâinea voastră, daţi o-mbucătură...\r\nIar Dumnezeu se v-a-ngriji de voi!\r\n\r\nAcesta e Crăciunul! Când orfanii\r\nfără speranţă, bani în buzunar,\r\nLa masa ta se bucură, sărmanii,\r\nC-ai dăruit ce ai primit în dar!\r\n\r\nAcesta e Crăciunul! Când Iubirea,\r\nAcoperă săracii trişti şi goi...\r\nÎn ceruri, vă aşteaptă răsplătirea,\r\nDeplina bucurie pentru voi!\r\n\r\n\r\n5-17-12-2020', '2020-12-17'),
(27, 'Cantare-Inca mai este untdelemn', 35, '', '\nhttps://m.facebook.com/story.php?story_fbid=910889682270821&id=100000493934748', '2020-12-21'),
(35, 'Iubita Mea', 34, './assets/imagini/Iubita Mea.jpg', '\nIubita Mea... ţi-am pregătit cununa,\r\nCu mii de stele şi lumini şi flori...\r\nÎn inimă, ţi-am aşezat arvuna,\r\nPuterea Mea.. să poţi zbura spre zări..\r\n\r\nIubita Mea.. mereu te ţin de mână\r\nChiar dacă treci prin valuri şi suspini,\r\nCând norii suferinţei se adună,\r\nTe vezi străină.. iar, printre străini!\r\n\r\nDe-atâtea ori te-a prins descurajarea\r\nŞi-ai stat plângând în vremea de ispită.\r\nZdrobindu-ţi inima.. însă răbdarea\r\nAtuncea, s-a făcut desăvârşită..\r\n\r\nIubita Mea.. îţi dăruiesc iubirea\r\nÎn clipele târzii când plângi cu-amar,\r\nAtât aş vrea.. doar să-ţi ridici privirea\r\nSpre cer.. şi vei primi picuri de Har!\r\n\r\nMai e puţin din noapte.. mai veghează..\r\nCând stelele pe cer, din nou se-ascund,\r\nÎn ceruri, florile în cânt, vibrează\r\nTe-aşteaptă ca să intri triumfând,\r\n\r\nPe porţi de Slavă, în cetatea sfântă!\r\nCând mii şi mii de îngeri vor privi\r\nCum tu, împodobită pentru nuntă,\r\nVei străluci etern în veşnicii!\r\n\r\nÎţi voi cânta atunci, cântarea noastră\r\nAşa cum nimeni.. nimeni n-a cântat...\r\nŞi vom zbura spre zarea cea albastră,\r\nUitând c-ai suferit aici, odat...\r\n\r\n03.05.2017', '2021-01-13'),
(36, 'Departe,corabia ți-e dusă...', 32, './assets/imagini/Departe,corabia ți-e dusă....jpg', '\nDeparte corabia ţi-e dusă\r\nŞi-ţi pare prea mult pân-la mal\r\nDar ea, de Hristos e condusă...\r\nMai rabdă şi-acum acest val\r\n\r\nMai cântă in lacrimi cântarea\r\nTe roagă mai mult, mai cu foc\r\nHristos, netezeşte cărarea\r\nIar spini, nu vor mai fi deloc\r\n\r\nMai cere si Har si iubire\r\nSi Dragostea dulce de Sus\r\nPrin Har, tu primeşti mântuire\r\nIubind.. semeni mult cu Isus\r\n\r\nMai leapădă ura, mândria,\r\nMai stai în veghere,un ceas\r\nSi poarta prin lume solia\r\nIubirii.. c-atat ţi-a rămas,\r\n\r\nMai lasă Izvorul sa curgă\r\nEl vine curat din vecii\r\nIn inimi, doreşte s-ajungă\r\nSi nimeni nu-l poate opri,\r\n\r\nDoar inima rea si închisă\r\nSi lacrima rece, curgând\r\nPe raza de soare, trimisă\r\nSă vindece suflet si gând\r\n\r\nDeparte, corabia ţi-e dusă\r\nSi singur te vezi la liman,\r\nPriveşte! Si azi e condusă\r\nDe El! Pe al vieţii, ocean!\r\n\r\n2016', '2021-01-15'),
(29, 'Te-aşteaptă azi Cel răstignit', 34, '', '\nTe-aşteaptă azi Cel răstignit, să te întorci Acasă,\r\nCăci multă vreme ai trăit departe de-a ta casă...\r\nDeparte de Harul Divin, de Sfinţii-n Sărbătoare...\r\nTe-aşteaptă tot cerul senin să-ţi cânte o cântare,\r\n\r\nDe Biruinţa lui Isus, a Mielului pe cruce\r\nCare-a purtat păcatul tău, Salvare a-ţi aduce...\r\nTe-aşteaptă ca să vii la El, în Slavă să te-mbrace\r\nÎn deget să-ţi pună Inel... În suflet să-ţi dea Pace!\r\n\r\nDe ce amâni tu, zi de zi şi nu asculţi Chemarea?\r\nIsus, prin lacrimi mii şi mii, în rugă-şi dă suflarea,\r\nViaţa-n chin i se sfârşeşte... Şi ceru-ntreg ascultă,\r\nCum El la Tatăl mijloceşte cu inima-I plăpândă:\r\n\r\n\"O! Tată! Iartă-l! Căci nu ştie ce face-n a lui viaţă...\r\nDar vreau cu Mine-n veşnicie-n acea Dimineaţă\r\nŞi-acesta care m-a bătut, făcându-mi trupul-sânge,\r\nSă-i ierţi acum a lui trecut! Căci pentru el, o cruce,\r\n\r\nEu am purtat nevinovat! Şi-n Dealul Căpăţânii\r\nAm stat pe cruce atârnat pentru păcatul lumii...\r\nŞi vreau ca-n cerul cel înalt, în Slăvile Divine,\r\nO! Tată! Îmbrăcat în alb, să fie el cu Mine!\r\n\r\nÎn Mâna-mpunsă de piroane şi sfâşiată-n cui,\r\nAm scris atunci, Iubite Doamne, plângând, numele lui...\r\nIar spinii, fruntea sângerat... Şi-am plâns, cerut iertare\r\nPentru acel ce-i vinovat! S-asculte-a Mea Chemare!\"\r\n\r\nIsus pe cruce a murit în chinurile grele,\r\nLa Golgota a suferit... Sufletul să ţi-l spele,\r\nSă fii iertat! Din văi pustii, întoarce-te Acasă...\r\nCăci ţi-a deschis spre veşnicii o Cale glorioasă!\r\n\r\n\r\n15.04.2014', '2020-12-25'),
(30, 'Poporul Meu...', 34, '', '\nPoporul meu de pe pământ,\r\nCe-aştepţi o mângâiere,\r\nVin astăzi! - Zice Duhul Sfânt-\r\nSă-ţi dau din nou putere!\r\nAzi vin, popor, să cercetez\r\nInimi ce-s bolnave greu...\r\nSă torn balsam şi să lucrez...\r\nSă-ţi pui nădejdea-n Dumnezeu!\r\nDar inima ta s-a închis\r\nPrivind la tot ce te-nconjoară,\r\nAl rugii foc de mult s-a stins...\r\nCăci demult e noapte-afară!\r\nCăci demult străjerul strigă\r\nÎn mijlocul tău popor:\r\n\"Lasă lumea şi păcatul\r\nTe-ntoarce la Salvator!\r\nStrânge-te în părtăşie\r\nŞi la rugă şi la cânt!\r\nSă fi plin de bucurie,\r\nSă fi plin cu Duhul Sfânt!\"\r\nCa să poţi vesti Cuvântul\r\nUns cu marea Lui putere!\r\nCăci nu slova, ci doar Duhul\r\nDa morţilor înviere!\r\nSă fii uns, să-ţi trăieşti viaţa\r\nÎn sfinţenie şi pace!\r\nŞi-ai să vezi atunci popor,\r\nDuhul, ce lucrări va face!\r\nSfântul Duh de la Rusalii\r\nVrea s-aprindă focul, iar\r\nÎntr-o inimă zdrobită,\r\nCei smeriţi, doar primesc Har!\r\nDar dacă inima îţi umblă\r\nTot mereu după-mbuibare...\r\nPoţi s-aştepţi a Lui putere,\r\nTot s-aştepţi a Lui lucrare!\r\nEL lucrează cu aceia\r\nCe în inimi se smeresc!\r\nSe opresc din goana lumii,\r\nSe-ndreaptă, se pocăiesc!\r\nEL le dă putere Sfântă\r\nSă vesteasc-al Lui Cuvânt!\r\nŞi în rugă şi-n lucrare-s\r\nÎnsoţiţi de Duhul Sfânt!\r\n\r\nDuhul Sfânt de la Rusalii\r\nTe-ntreabă azi: ce faci?\r\nStai pe bancă-n adunare\r\nAţipeşti! Şi mereu taci!\r\nEşti cuprins de somnolenţă!\r\nNu-ţi deschizi gura deloc!\r\nChiar de simţi a Lui prezenţă\r\nCum te cuprinde ca un foc?\r\nŞi chiar de eşti cercetat,\r\nPoate lacrimi mai şi verşi,\r\nDin adunare când ai plecat\r\nTot de drumul tău îţi vezi!\r\nNepăsarea este mare\r\nAstăzi în poporul Său!\r\nNu te-ntrebi: Cum vei sta oare\r\nÎn faţa lui Dumnezeu?\r\nNu te-ntrebi: Mai ai tu viaţă\r\nŞi puterea cea de Sus?\r\nTu mai simţi fiorul dulce\r\nAl prezenţei lui Isus?\r\nCine-i sfânt, să se sfinţească\r\nRod s-aducă şi mai mult!\r\n\r\nŞi în pace să trăiască\r\nPentru Slava Celui Sfânt!\r\nIar dacă trăieşti ca lumea\r\nŞi putere nu mai ai...\r\nÎntoarce-te azi, la Domnul,\r\nSă primeşti al Păcii Rai!\r\nŞi să simţi puterea-I care,\r\nPoate munţii a-i muta!\r\nSă fii plin de roadă sfântă\r\nAşteptând pe Mesia!\r\nSă lepezi haine străine,\r\nHaină de in tu să-mbraci...\r\nSă-L poţi întâmpina pe Mire..\r\nAtunci, nu vei putea să taci!\r\nCând Duhul Sfânt care-i în tine,\r\nTe v-a-nălţa la Dumnezeu,\r\nUita-vei lacrimi şi suspine\r\nCe le-ai adus la Tronul Său!\r\n\r\nPoporule de pe pământ\r\nCe-aştepţi o mângâiere...\r\nTe-ntreabă astăzi Duhul Sfânt:\r\nMai simţi a Lui putere?\r\nDe astăzi, tu cu cine vrei\r\nSă mergi în veşnicie?\r\nCu lumea, pe-ale sale căi?\r\nSau cu Isus în nemurire?\r\nAzi, te-ntreabă dacă rodul\r\nCe-l aduci pe-acest pământ,\r\nE din firea pământească\r\nSau din Duhul Celui Sfânt?\r\nDacă lumii îi slujeşti,\r\nEa nu-ţi da nici o scăpare\r\nÎn clipa de încercare!\r\nCi te leagă s-o iubeşti\r\nPofta ei s-o tot doreşti!\r\nŞi să stai în nepăsare,\r\nChiar de eşti în adunare\r\nŞi vorbeşti în limbi cereşti!\r\nIar vorbirea, de n-ai sfinţirea,\r\nPoate fii zăngănitoare!\r\nŞi tu zici că eşti cu Domnul,\r\nÎnsă te duci la pierzare!\r\nŞi chiar de mai ieşi în faţă\r\nŞi mai cânţi şi o cântare...\r\nEste bine! Dar gândeşte:\r\nLocu-acesta este sfânt!\r\nNu e Casa de Cultură,\r\nNici alt loc de pe pământ!\r\nEste Casa Celui Veşnic\r\nPururi Viu şi-Adevărat!\r\nUnde Duhul Sfânt coboară\r\nŞi Hristos e înălţat!\r\nRupe-te de lanţul lumii,\r\nNu zice c-aşa e bine\r\nŞi cu Domnul şi cu lumea,\r\nRătăcind pe căi străine!\r\nDacă vrei să fi cu Domnul,\r\nTe-ntoarce, te pocăieşte!\r\nPune-ţi viaţa-n rânduială...\r\nÎn curând Domnul soseşte!\r\n\r\namin.', '2020-12-25');
INSERT INTO `poezie` (`id`, `titlu`, `idCarte`, `poza`, `continut`, `dataAdaugare`) VALUES
(31, 'Trezește-te,fecioară', 32, '', '\nTrezește-te fecioară! Nu sta în nepăsare,\r\nE ceasul de pe urma! Se-aude-a Lui,strigare.\r\nNu te cuprindă somnul când așteptarea-i grea..\r\nCăci iată,vine Domnul în ceruri să te ia!\r\n\r\nFi trează și veghează,nu da-napoi nicicând,\r\nIubirea-n piept păstrează... cu candela-arzând,\r\nPrivește doar spre ceruri! Așteaptă cu iubire\r\npe Mirele ce iată,veni-va fără știre!\r\n\r\nNu-ți murdări veștmântul..Căci haina ta cea sfântă,\r\nPrin Legământ,Prea-Sfântul ți-a dat s-o porți la nuntă.\r\nAdună-ți untdelemnul,fi treaza la altar,\r\nCăci iată! Vine Domnul să-ți dea din al Său,Har!\r\n\r\nTrezește-te! Căci mulți..prea mulți pe-această Cale au ațipit crezând\r\nC-or fi răpiți din vale,\r\nDar nu au untdelemnul,iar candela li-i stinsă\r\nIubirea nu mai arde în inima aprinsă.\r\n\r\nTrezește-te,fecioară! Căci pașii Lui mai clar\r\nse-aud! Și este seară! Și dimineața chiar,\r\nSe-arată ca să vină! Fi trează la altar !\r\nTrăiește în Lumină,să ai iubire..Har..\r\n\r\nCu dragostea în inimi,spre ceruri ai să pleci..\r\nDar de n-o porți în suflet,pierdută ești pe veci...\r\nDe nu-nțelegi iubirea cea sfântă din Calvar,\r\nDe nu trăiești sfințirea ce-ți dă în totul,Har,\r\nDe nu-ți predai azi,viața cu totul lui Isus\r\nȘi când veni-va Domnul să pleci spre ceruri,sus,\r\nDe nu te-ntorci la Domnul,de nu te pocăiești\r\nsă poți primi iar Harul din Slăvile Cerești,\r\n\r\nVei fi îndepărtată din fața Celui Sfânt,\r\nCând fi-va Judecata după al Său Cuvânt,\r\n\r\nȘi îți va spune-atuncea: -\"O,du-te de la Mine,\r\nCă n-ai vegheat pe Cale! Mereu în ațipire,\r\nAi stat nepăsătoare când trâmbița suna\r\nși îți striga: Trezire! Aprinde-ți candela!\r\nTrezire ! Vine Domnul din Slăvile Cerești!\r\nCă nu vei fi cu Domnul de nu te pocăiești!\r\nCă nu vei fi cu Domnul,de nu-ți schimbi azi,viața,\r\nȘi-n Ziua Judecății,tu îți vei pleca fața...\r\n\r\nVei plânge-atunci cu-amar că nu ai prețuit,\r\nȘi n-ai trăit Cuvântul așa cum L-ai primit...\r\nC-ai început în Duhul și ai sfârșit în fire!\r\nO,vino azi la Domnul ca s-ajungi la Răpire!\"\r\n\r\n****\r\n\r\nTrezește-te,fecioară! Nu sta în ațipire.\r\nIubirea Lui cea mare să strige azi:Trezire!\r\nȘi Duhul Sfânt să facă în inimi azi,Lucrarea,\r\nSă-l poți vedea pe Domnul și să-i auzi Strigarea !\r\n\r\namin.\r\n\r\nDaniela Banita', '2021-01-06'),
(32, 'În Casa Ta', 32, './assets/imagini/În Casa Ta.jpg', '\nÎn casa Ta, eu am trăit ca fiu, iubit de Tine\r\nEra frumos.. înălţător.. te ştiam lângă mine\r\nFurtuna când bătea în geam, tu mă priveai senin\r\nŞi îmi spuneai: -\"să nu te temi, să fii de pace, plin..\"\r\n\r\nMă luai de mână-mi arătai ce frumos răsar zorii..\r\nDin inimă când îmi vorbeai.. mă cuprindeau fiorii\r\nIubirii, venită de Sus ce-n lacrimi se va frânge\r\nPentru fiul de-acasă dus, va sta-ntinsa pe-o cruce!\r\n\r\nTu îmi vorbeai de vrăbii ce cântau voiase-n lunci:\r\n\"-De-ţi va fi foame, copile drag, să nu te temi atunci,\r\nAşa cum Eu le îngrijesc să aibă mereu hrană\r\nMai mult pe tin te preţuiesc! Mai mult.. să nu ai teamă!\"\r\n\r\nŞi îmi spuneai de crinii albi, ce cresc mereu pe câmp:\r\n\"-Ca ei, nici Solomon n-a fost aşa-mbrăcat, nicicând,\r\nEi nici nu torc şi nici nu ţes.. Doar Eu îmbrac în Slavă\r\ntoţi crinii care astăzi sunt.. iar mâine vor fi pleavă!\"\r\n\r\nDar am plecat din casa Ta.. şi ţi-am cerut averea\r\nO hotărâre ce lăsa în urma ei, durerea\r\nUnui părinte întristat cu braţele-I deschise\r\nPentru acel ce n-a crezut cuvintele promise...\r\n\r\nŞi am plecat în lumea mea.. şi ţi-am trădat iubirea\r\nTu mă priveai cu ochii blânzi ce-nrourau privirea\r\nAverea toat-am risipit.. şi m-am tot dus în lume\r\nŞi înapoi n-am mai privit, uitând de al Tău Nume...\r\n\r\nCe grea mi-e inima... ce grea! Când simte iar povara\r\nÎn jur nu am pe nimenea, să-mi înţeleagă starea\r\nCe mult aş vrea ca să mai fiu cum am mai fost odată\r\nÎn starea când eram copil, în dragostea curată?\r\n\r\nAcum privesc în urma mea.. ce intristată-i zarea\r\nŞi florilor.. cum aş putea să le redau culoarea?\r\nCum aş putea să te privesc în ochii Tăi, Părinte\r\nCând pentru mine, ei au dat doar lacrimi.. lacrimi sfinte..?\r\n\r\nCum aş putea să vin acum.. să-ţi cer din nou iertare\r\nAverea Ta-i.. făcută scrum.. cum să-ţi cer îndurare?\r\nM-apropii de-ale Tale porţi... dar sufletul îmi plânge\r\nCând ştiu că pentru mine,Tu,blând Te-ai jertfit pe-o cruce...\r\n\r\nMai vie-mi pare amintirea celor trăite-odată\r\nÎn vremea când simţeam în piept iubirea ta, curată...\r\nŞi câte flori şi primăveri erau atunci pe Cale\r\nCând nu purtam grele poveri... şi nu mergeam agale...\r\n\r\nÎmi era duhu-nflăcărat... şi plin de-a Ta, credinţă\r\nEram în Casa Ta, odat!... în vremi de pocăinţă...\r\nM-aşez la crucea Ta, căci ştiu... nu-i un alt loc mai bun\r\nCa din sufletul meu, pustiu, păcatul să ţi-L spun:\r\n\r\nAm rătăcit pe calea Ta... n-am stat în ascultare\r\nŞi n-am ştiut ce greu va fi la roşcovele-amare\r\nŞi n-am ştiut ce dor de sus, mă va chema mereu\r\nPrin Glasul Domnului Isus să vin la Dumnezeu...!\r\n\r\nO, n-am ştiut că-s rătăcit... dar port Sfântul Tău nume\r\nŞi ştiu, mereu Tu m-ai iubit... şi m-ai chemat din lume,\r\nDar azi, eu vin.. la crucea Ta, cu haina-mi zdrenţuită...\r\nPrimeşte-mă Părinte Sfânt... în casa Ta, iubită!\r\n\r\nAzi vreau.. azi vreau Părinte drag.. să-mi dai în suflet, Harul\r\nSă nu mai fiu cel rătăcit.. să nu mai fiu hoinarul\r\nDeschide-ţi cerul minunat.. fă zorii, să răsară\r\nŞi pentru mine! Şi iertat să fiu, O, Doamne, iară...\r\n\r\nŞi să rămân la crucea Ta... să simt în piept fiorul...\r\nSă nu mă mai lepăd de ea şi să nu-ţi mai duc dorul...\r\n\r\n03.10.2015\r\nDaniela Banita', '2021-01-06'),
(37, 'Ești gata', 34, './assets/imagini/Ești gata.jpg', '\nCurând va fi răpirea...\r\nCurând,spre ceruri,sus,\r\nNoi vom zbura în Slavă...\r\nÎn Slava lui Isus!\r\nSe pregătește-o Nuntă\r\niar Mirele iubit,\r\nAșteaptă doar semnalul\r\nde Tatăl,pregătit!\r\n\r\nEști gata de plecare,\r\nPopor de legământ?\r\nTrâmbița-n adunare\r\nsună,prin Duhul Sfânt,\r\nCă zile numărate\r\nși clipe doar,mai sunt...\r\nȘi vine Domnul Slavei\r\nl-ai Săi de pe pământ!\r\n\r\nCând lumea frământată\r\nse-apleacă în neștire,\r\nPeste idolii care\r\nn-o poate mântui,\r\nÎntreabă-te creștine:\r\nEști gata de răpire?\r\nSau ațipești pe cale\r\nși nu te poți trezi?\r\n\r\nCe bucurii în ceruri\r\nvor fi! La Sărbătoare,\r\nCând Nunta va începe,\r\nIar lacrimile-amare,\r\nVor fi sterse de Domnul...\r\nNecazul,și el uitat !\r\nIar noi,cu toți privi-vom\r\nspre Marele-Mpărat!\r\n\r\nȘi vom cânta Iubirii\r\ncu glasuri multe...mii...\r\nÎn ziua Izbăvirii\r\ncând El va reveni,\r\nCu sfinții-n Sărbătoare...\r\nCe minunat va fi!\r\nNu vrei și tu,creștine,\r\nPe nori a-L întâlni?\r\n\r\nNu mai e mult! Și Cerul\r\nîși va deschide Poarta,\r\nPrimind cu bucurie\r\nAi Tatălui,Copii...\r\nÎntreabă-te creștine:\r\nEști gata? Ești tu,gata?\r\nSau nu crezi că Răpirea\r\nla cer,curând va fi?\r\n\r\n***\r\nE vremea de trezire!\r\nȘi-un Glas îți dă de știre:\r\n\"Poporule,ce-n vase\r\nporti Untdelemnul Sfânt...\r\nNu sta în ațipire.\r\nTrezește-te! Fii gata!\r\nCăci vine al Tău,Mire!\r\nEl vine! Maranata!\"\r\n\r\n21.12.2020', '2021-01-25'),
(38, 'Cersetorul', 32, './assets/imagini/Cersetorul.jpg', '\nNeînsemnat şi fără de putere,\r\nLa colţ de stradă stătea un copil.\r\nN-avea curaj de la oameni, a cere\r\nDoar un bănuţ... şi îi privea umil...\r\n\r\nAvea doi frăţiori cu el,acasă,\r\nŞi nici ei nu erau mai mari ca el,\r\nDar foamea nu-l lăsa să stea  în casă\r\nCa să îi vadă cum plâng ei, la fel,\r\n\r\nCând masa este mereu, mereu goală,\r\nIar bani.. şi-acei puţini s-au terminat\r\nŞi cel mai mic din ei, avea o boală\r\nCu tratament lung, mereu cumpărat...\r\n\r\nIar mama.. se trudea şi zi şi noapte\r\nS-aducă pâinea.. căci erau sărmani\r\nDe când tatăl lor a plecat departe,\r\nŞi nu le-a lăsat nici măcar doi bani\r\n\r\nPrivea îngândurat la toţi cei care,\r\nTreceau nepăsători prin faţa lui\r\nŞi se-ntreba: niciunul milă n-are,\r\nSă dea doar un bănuţ copilului?\r\n\r\nSau să-l întrebe unde-i este casa\r\nDe are mamă, tată... sau chiar fraţi...\r\nDacă le-a fost vreodată plină masa,\r\nŞi să-i privească ochii disperaţi...\r\n\r\nŞi nu ştia nici colţ de pâine-a cere,\r\nDoar asculta-n tăcere al lor paşi,\r\nÎn sufletul lui simţea iar durere\r\nCând se gândea la fraţii lui, rămaşi...\r\n\r\nS-aştepte.. căci el le-a promis mâncare\r\nŞi dulciuri.. şi bomboane.. jucării..\r\nDar ce să facă Doamne-acuma, oare\r\nSă ia.. de unde-aceste bucurii?\r\n\r\nDe unde Doamne, şi-aceasta minune,\r\nCând masa-i goală şi-i foame, mereu?\r\nŞtia atât... la orice rugăciune,\r\nRaspunde-ntotdeauna Dumnezeu...\r\n\r\nCu mâinile în rugă-mpreunate\r\nCu lacrimi şiroind pe-al său obraz\r\nEl se ruga.. ştiind că Domnul poate!\r\nDoar El ca să-l mai scape din necaz...\r\n\r\nŞi cu ce dor strigă acum. spre Domnul\r\nSpunând că-i foame.. si e obosit...\r\nDar dintr-odată, se trezi din somnul\r\nAdânc, în care-atunci a adormit..\r\n\r\nDar cum se poate? el..? el,cerşetorul,\r\nLa colţ de stradă s-aştepte umil,\r\nCând masa-i plină...? Dar Învăţătorul\r\nAcel ce îl ştia de mic copil,\r\n\r\nA vrut ca să-l înveţe dărnicia\r\nŞi mila şi iubirea pentru fraţi...\r\nDe vrea să poarte-n suflet, bucuria\r\nŞi-n cer să şadă lângă cei bogaţi...\r\n\r\n-\"Vezi tu copile? Când la colţ de stradă\r\nTu întâlneşti un om al nimănui,\r\nTe-apleacă lângă el.. fără zăbavă\r\nAscultă-i şi durerea omului...\r\n\r\nÎmparte cu el tot... a ta mâncare\r\nCăci tot ce faci, te vede Dumnezeu,\r\nŞi nu te uita doar la-nfăţişare:\r\nCă-n cerşetor, de multe ori sunt Eu!\"\r\n\r\nDaniela Banita', '2021-01-27'),
(39, 'Mamei', 32, './assets/imagini/Mamei.jpg', '\nMAMEI MELE\r\n\r\nŢi-aş împleti din albăstrele,\r\nDin flori de aur, flori de tei,\r\nCununa lacrimilor mele\r\nCe curg mereu din ochii mei,\r\nŢi-aş împleti-n suspin de stele\r\nDoar o cunună-atât aş vrea...\r\nS-aşez pe fruntea maicii mele,\r\nSă-i spun: ce dor mi-a fost de ea!\r\n\r\nŢi-aş împleti cu doruri multe\r\nCununi de lauri şi iubiri...\r\nŢi-aş împleti.. dar oare unde\r\nMăicuţă, caldele-ţi priviri,\r\nSă le mai văd,să strâng în suflet\r\nMireasma vorbelor cu tâlc..\r\nMult îmi lipseşti măicuţă dragă\r\nŞi-n suflet multe doruri, strâng.\r\n\r\nÎţi caut astăzi iar privirea\r\nCea blândă când mă dojeneai,\r\nCât mi-aş dori să simt Iubirea\r\nŞi plânsul tău din dulce grai.\r\nCât aş dori să fii cu mine\r\nSă-ţi spun aşa, ca altădat:\r\n\"-Măicuţă-n braţul tău mă ţine...\r\nŞi vezi? Păpuşa -mi s-a stricat!\"\r\n\r\nMi-ai fost un munte de speranţă\r\nŞi de credinţă, ne-ncetat...\r\nCe mult doream din astă viaţă\r\nSă nu fi plecat niciodat!\r\nSă-ţi preţuiesc mai mult iubirea\r\nStrânsă în sufletul curat,\r\nŞi nu doar când nemărginirea\r\nTăcând, la ea te-ar fi luat...\r\n\r\nNici curtea unde-am stat odată\r\nNu-şi are voiciunea ei.\r\nIar scârţâitul de la poartă\r\nÎmi lasă rouă-n ochii mei...\r\nS-au pustiit în juru-mi toate\r\nŞi sufletu-mi parcă-i pustiu,\r\nDe când, spre o altă Cetate\r\nTu ai plecat, şi parcă viu,\r\n\r\nN-a mai rămas nimic din cele\r\nCe ai lăsat tu pe pământ:\r\nŞi-mi cad în pumni lacrimi de stele,\r\nŞi plâng şi eu cu ele-n rând !\r\n\r\nDaniela Banita', '2021-01-30'),
(40, 'Dupa psalmul 40', 34, '', '\nMi-am pus nădejdea-n Domnul.\r\nSpre mine S-a plecat!\r\nDin groapa cea adâncă\r\nm-a scos! Viață mi-a dat!\r\nȘi strigătele mele\r\nmereu le-a ascultat !\r\nO, cine e ca Domnul,\r\nAl nostru,Împărat?\r\n\r\nMi-am pus nădejdea-n Domnul,\r\nEl,pașii mi-a-ntărit,\r\nUmblând prin lumea mare\r\nde toate m-a păzit!\r\nCântarea Bucuriei,\r\nÎn suflet,iar mi-a dat..\r\nTrăiască Domnul Slavei,\r\nAl nostru Împărat.\r\n\r\nȘi inima, și harfa\r\nLe-aduc la Tronul Lui,\r\nȘi-i cânt cu bucurie\r\nde-aici,doar Domnului !\r\nȘi-acolo-n veșnicie,\r\nCânta-voi,negreșit,\r\nCu miile de îngeri \r\nși frați ce L-am iubit !\r\n\r\nVa asculta si Cerul\r\nCântarea minunată.\r\nNe vom uni cu toții\r\nAcei,care odată,\r\nNe-am cunoscut aici,\r\nPe-acest pământ străin,\r\nȘi -am lăudat mereu \r\npe Cel ce e Divin!\r\n\r\nIubirea Lui,acolo\r\nîn ceruri ne va strânge,\r\nNu va mai fi necaz..\r\nȘi nimeni nu va plânge!\r\nNu va mai fi durere\r\nNici val si nici furtună,\r\nVa fi doar mangaiere:\r\nCu Duhul Sfânt,de mână,\r\n\r\nNoi vom cânta așa cum\r\nnicicând nu am cântat:\r\n\"Acesta-i Domnul Slavei \r\nȘi-al nostru Împărat !\"\r\n\r\nAmin.\r\n\r\n-după psalmul 40-\r\n\r\n07.06.2020\r\n\r\nDaniela Banita', '2021-01-30'),
(41, 'În mii de lacrimi', 34, './assets/imagini/În mii de lacrimi.jpg', '\nTu ești Adevărul și veșnicul Soare,\r\nCe ține în palmă stelele de vis,\r\nTu mângăi suspine când lacrima doare,\r\nȘi-mi aduci aminte-n orice-mprejurare,\r\nCăci prin Jertfa Sfântă,Calea mi-ai deschis,\r\n\r\nCătre Cerul Slavei ! Patria iubită,\r\nCe le port in suflet ca pe un stindard...\r\nChiar de plâng în taină sau sunt fericită:\r\nEu,în mii de lacrimi,pentru Tine,ard !\r\n\r\n02.01.2021\r\n\r\nDaniela Banita', '2021-02-02'),
(42, 'Amintiri', 34, './assets/imagini/Amintiri.jpg', '\nÎn inimă sunt vii multe-amintiri\r\nAcolo unde tainic,le-am păstrat.\r\nBunica mea, cu zâmbet în priviri \r\nCum îmi spunea poveşti c-un împărat...\r\n\r\nMi-aduc aminte şi astăzi căsuţa\r\ncea mică-n care eu îmi  făceam jocul,\r\nŞi parc-o văd şi azi pe bunicuţa\r\ncum îşi punea la rame, busuiocul,\r\n\r\nCa să îşi dea şi izul şi aroma,\r\nÎmprăştiind în jur parfumul lui...\r\nŞi parcă văd şi-acum cu drag, aidoma\r\nDin ramă, zâmbetul bunicului...\r\n\r\nEram copil,şi alintată-n braţă,\r\nEu ascultam la glasul lui cel blând...\r\nNici unde parcă nu găseam povaţă,\r\nŞi nimeni nu rostea ca el, cuvânt!\r\n\r\nBunica-l tot certa că-n vremea rece\r\nla gât,fular deloc nu îşi punea...\r\n-\"O, bunule... tu ştii că viaţa trece,\r\nN-aş vrea ca sănătatea ta, cumva,\r\n\r\nSă fie şubredă de la o simplă gripă..\r\nHai.. ia-ţi fularul şi nu fi căpos...!\"\r\nAşa îl alinta a mea, bunică..\r\nZâmbind, el se simţea un Făt-Frumos....\r\n\r\nAşa era-n căsuţa mititică...\r\nÎn faţa ei erau un nuc şi-un tei\r\nŞi-n casă torcea leneş o pisică...\r\nFugea,când mă vedea în ochii ei...\r\n\r\nCă n-o lăsam să fure mai nimica\r\nO trimeteam mereu la șobolani,\r\nCând mă vedea, blând mă certa bunica:\r\nEra pisoiul ei.. de ani şi ani...\r\n\r\nO, flori iubite-ale copilăriei mele\r\nCe înfloriţi ades în al meu gând,\r\nPrivesc îngândurat spre mii de stele\r\nCăci ştiu, acolo-n ceruri, aşteptând,\r\n\r\nBunicii mei, cu raze mii pe frunte,\r\nCu zâmbetul lor drag, cel din priviri,\r\nÎmi spun şi azi: -\"Tu sfatul, nu-l ascunde,\r\nCi spune toate-aceste amintiri,\r\n\r\nCe le-ai trăit în vremi de bucurie,\r\nCând erai doar copil nevinovat,\r\nTu spune la ai tăi, ca ei să ştie,\r\nCum se jucau copiii, altădat..\r\n\r\nCând n-aveau bani ca să-şi ia telefoane\r\nSă stea cu ochii pironiţi în ele...\r\nCăci jocul lor era adesea, Doamne,\r\nŞotronul.. şi visările le stele...\"\r\n\r\n***\r\n\r\nMai adă Doamne, vremuri de iubire\r\nDintre părinţi, bunici şi nepoţei...\r\nSă nu-şi lase copiii în neştire\r\nCa să-ngrijească cei străini de ei...\r\n\r\nCi cu iubirea caldă de părinte\r\nŞi cu blândeţea unui bunic sfânt...\r\nCopiii noştri să ia toţi aminte:\r\nFrumos ca să trăiască pe pământ!\r\n\r\n17.11 2015', '2021-02-03'),
(43, 'Ți-am spus', 32, '', '\nŢi-am spus că nu am să te las\r\nCând treci prin suferinţă…\r\nCu tine sunt la orice pas\r\nSă-ţi dau iar, biruinţă!\r\n\r\nŢi-am spus: Cuvântul Meu să-L crezi\r\nNu te-ndoi, vreodată!\r\nCu fapte bune de-L urmezi,\r\nTu vei primi răsplată!\r\n\r\nŢi-am spus: Să cânţi când este greu\r\nŞi când nu vezi scăpare..\r\nÎn Mâna Mea de Dumnezeu,\r\nGasi-vei alinare!\r\n\r\nŢi-am spus că nu am să te las\r\nCând treci prin încercare\r\nCăci Eu veghez la al tău pas\r\nŞi-ţi şterg lacrimi amare!\r\n\r\nVrăjmaşul, oricât s-ar lupta\r\nŞi oricât rău ţi-ar face!\r\nTu eşti săpat în Palma Mea…\r\nDe-aceea.. fii pe pace!\r\n\r\nŢi-am spus că voi veni curând\r\nPe norul de Mărire..\r\nVeghează! Trâmbiţa, sunând,\r\nS-auzi! Şi de răpire,\r\n\r\nTu să fii gata, orişicând,\r\nSă zbori în Strălucire!', '2021-02-03'),
(44, 'Văd lacrimile', 34, './assets/imagini/Văd lacrimile.jpg', '\nVăd lacrimile tale în ascuns\r\nce le aduci la Tronul de-Ndurare,\r\nTe uiți în jur,și văd că ți-e de-ajuns,\r\nȘi tot mai greu parcă,tu mergi pe Cale.\r\n\r\nTe-ai săturat de lumea rea și aspră,\r\nȘi-ți chinui sufletul,precum odată,Lot...\r\nPrivești în lacrimi zarea cea albastră\r\nși spui în taină: \"Doamne,nu mai pot!\"\r\n\r\nE greu urcușul...Calea nevoioasă,\r\nAștepți mereu un glas ce-ți va șopti:\r\n\"O,vino fiu iubit! Vino Acasă,\r\nTe-așteaptă Tatăl Tău din veșnicii!\"\r\n\r\nNepăsător,nu sunt la ruga ta,\r\nEu,lacrimile-ntr-un burduf,la strâng...\r\nȘi când povara este tot mai grea,\r\nStau lângă tine...și cu tine,plâng!\r\n\r\nÎți dăruiesc în suflet,bucuria\r\nși pacea Mea! Ca liniștit să fi...\r\nTrecând prin lume,tu să porți solia\r\nIubirii Mele,până-n veșnicii!\r\n\r\n11.02.2021\r\n\r\nDaniela Banita', '2021-02-11'),
(45, 'Întâlnirea', 34, './assets/imagini/Întâlnirea.jpg', '\nÎmi iau vioara.. şi plec pe-al meu drum\r\nPustia lumii îmi râde în faţă..\r\nO spune-mi inimă.. o spune-mi cum\r\nSă dau viorii, aripi... să-i dau viaţă?\r\n\r\nEa a tăcut.. când inima-ngheţa\r\nLa focul spinilor trosnind pe pragul firii\r\nIubirea parcă nu mai înflorea\r\nCum înfloreau odată, trandafirii\r\n\r\nCând inima e rece, dar flămândă,\r\nTânjind după iubiri ce nu se-ntorc,\r\nCând viaţa ta şi-n ultima-i secundă\r\nÎşi cere-aprinsul dragostei, cu foc?\r\n\r\nCe timp? Ce inimi? Ce secunde moarte\r\nŞi ce să cânţi vioară, draga mea...?\r\nCând inima e-nchisă... ca şi-o carte\r\nCe a pecetluit totul în ea..\r\n\r\nÎmi iau vioara.. şi plec iar la drum.\r\nUn drum necunoscut până azi, mie...\r\nŞi-mi las povara inimii acum\r\nLa Cel ce m-a iubit de-o veşnicie!\r\n\r\nUn răsărit mi se deschide-n faţă,\r\nStrălucitor ca soarele de mai!\r\nE doar o nouă, dulce dimineaţă,\r\nCe sufletul o simte.E din rai...\r\n\r\nŞi crucea.. a-nflorit mereu în timpul\r\nAtâtor aşteptări din infinit\r\nPe cruce... e Isus! Şi îi văd chipul!\r\nCe mult a plâns.. şi ce mult m-a iubit!\r\n\r\nÎmi iau vioara.. ochii-mi lăcrimează!\r\nIar inima.. îmi bate ne-ncetat...\r\nCă m-a găsit Isus.. într-o amiază,\r\nCu lacrimi mii pe-obrazul Lui curat!\r\n\r\nŞi cânt... Arcuşul parcă nu-mi ajunge\r\nAşa cum inima să cante-ar vrea,\r\nDar ea.. de bucurie de-atunci, plânge\r\nCă a-nflorit în cânt, vioara mea...\r\n\r\nCă a-nflorit în inimă şi Harul\r\nŞi Dragostea cea Sfântă din Isus...\r\nCând L-am primit pe El.. mi-a luat amarul,\r\nPovara.. primind Pacea Lui de Sus!\r\n\r\n01.02.2016', '2021-02-14'),
(46, 'Mai vino', 32, './assets/imagini/Mai vino.jpg', '\nMai vino Doamne pe Tabor,\r\nMai leagă rănile ce dor,\r\nCăci inimile noastre-acum\r\nTânjesc de dor!\r\n\r\nMai pune leac alinător,\r\nMai lasă Harul în popor\r\nŞi dă-ne pe al vieţii drum,\r\nUn cânt de dor!\r\n\r\nŞi el să se înalţe sus,\r\nIar rugăciunii,dă răspuns,\r\nŞi-n luptă,dacă eşti cu noi,\r\nNe-a fi de-ajuns!\r\n\r\nMai dă din Duhul Tău cel Sfânt\r\nSă umple inimi din Cuvânt,\r\nIubirea Ta să ardă-n noi\r\nPe-acest pământ!\r\n\r\nMai cheamă-i pe cei rătăciţi\r\nSă simtă iar,că sunt iubiţi,\r\nCăci cei ce vin pe Calea Ta\r\nSunt fericiţi!\r\n\r\nMai cheamă azi al tău popor\r\nSă fie mult mai vegheator,\r\nCând trâmbiţa îl va chema\r\nGata de zbor!\r\n\r\nLa Nunta Regelui Slăvit\r\nVom mulţumi,căci a venit,\r\nCând L-am chemat în plâns şi dor\r\nCăci ne-a iubit!\r\n\r\n27.06.2014', '2021-02-14'),
(47, 'Bătrânul', 32, '', '\nBĂTRÂNUL\r\n\r\nMergând pe drum, odinioară, printre copaci şi pe alei,\r\nGăsii un om în fapt de seară, stând obosit sub anii grei...\r\nPrivind la el cu duioşie, l-am întrebat: \"Ce ai păţit,\r\nDe plângi, că pentr-o rană vie şi de durere eşti lovit?\"\r\n\r\nBătrânul, se uită la mine, privindu-mă cu drag, smerit\r\nŞi spuse-atunci printre suspine: \"Plâng pentr-un fiu nemântuit!\r\nEu am în casa mea doi fii şi i-am crescut cu dor şi drag,\r\nDar cel mai mare a plecat printre străini, umblând pribeag!\r\n\r\nCel mic, a rămas lângă mine, cu dorul şi cu visul lui,\r\nAscultător în cele sfinte, slujind în Casa Domnului...\r\nCel mare, a plecat de-acasă în lumea care l-a chemat,\r\nLăsându-mă în grea durere cu sufletul nemângâiat!\r\n\r\nŞi-l chem mereu, mereu acasă... Şi plâng mereu la-Altarul Sfânt,\r\nCerându-I Domnului să-i iasă în calea lui cât mai curând!\r\nAştept mereu să îmi răspundă, să ştiu că-i bine, sănătos,\r\nCă a scăpat de grea osândă şi e pe Calea lui Hristos!\r\n\r\nAştept... Şi lacrimi curg pe gene, răspuns nu vine, nicidecum.\r\nŞi inima în mine geme, privind mereu pe-acelaşi drum\r\nPe care a plecat odată!... O, Doamne Sfânt, Tu azi îl iartă,\r\nŞi-adu-l în Casa Ta, acum!\"\r\n\r\nŞi abia plecă bătrânul... Ochii lui se-nalţă-n sus...\r\nC-o privire scrută zarea, implorându-L pe Isus:\r\n\"Oh! Părinte-al Veşniciei, Dumnezeule Slăvit,\r\nDumnezeul Mântuirii, care-atâta m-ai iubit!...\r\nTu eşti Domn, Stăpân al Vieţii... Ţie Doamne mă închin,\r\nAm copilul care astăzi, e plecat printre străini...\r\nPlâng, o, Doamne cu suspine şi oftez mereu cu-amar,\r\nDe prin văile străine, Tu adu-l acasă, iar!\r\nCercetează-i azi fiinţa, dă-i un duh de îndurare,\r\nIar în suflet, pocăinţa, pentru fiul meu cel mare!\"\r\n\r\nVoi părinţi, ce la Altarul Domnului strigaţi mereu,\r\nÎn durere şi cu lacrimi Îl chemaţi pe Dumnezeu,\r\nPentru fiii care-odată au trecut prin adunare,\r\nI-aţi adus pe braţ de tată, pentru binecuvântare,\r\n\r\nV-aţi rugat în rugă sfântă Domnului, ca să-i păzească,\r\nSi la vremea hotărâtă s-ajungă-n Ţara Cerească...\r\nI-aţi încredinţat în Mâna Celui Sfânt şi-Adevărat,\r\nÎnsă, fiul cel mai mare în lume a apucat...\r\n\r\nRidicaţi-vă privirea către Domnul Sfânt, milos,\r\nEl mai poate să aducă pe fiul necredincios...\r\nÎntăriţi-vă genunchii! Şi-astăzi Domnul este Viu!\r\nCercetează EL rărunchii... Cercetează pe-al tău fiu!\r\n\r\nDumnezeu mereu vorbeşte cu putere din Scriptură;\r\nŞi prin Duhul azi vesteşte: \"EU nu voi lăsa din turmă\r\nNici o unghie să piară, nici un fiu necredincios,\r\nPe nimeni care odată s-a-ndepărtat de Hristos!\r\n\r\nVoi aduce-n al Meu staul pe copiii rătăciţi,\r\nCare au pierdut cărarea şi sunt azi, nemântuiţi!\r\nEU voi împlini Cuvântul! Dar voi staţi în rugăciune\r\nPân-la vremea hotărâtă, când îi voi chema pe nume!\"\r\n\r\n\r\n\r\n02.08.2012', '2021-02-14'),
(48, 'Întrebări', 32, './assets/imagini/Întrebări.jpg', 'ÎNTREBĂRI\r\n\r\nDe multe ori te-ntrebi,\r\nTe-ntrebi ce e Iubirea,\r\nŞi cum poţi trece oare\r\nPeste-ale urii, stări?\r\nCând vezi că numai tu,\r\nSingur, străbaţi cărarea\r\nCe duce către ceruri\r\nSpre dulcele chemări?\r\n\r\nTe simţi străin şi singur\r\nPe calea luminoasă..\r\nTe-ntrebi o unde, oare,\r\nSunt fraţi ce i-ai avut?\r\nAu fost cu tin\' pe cale...?\r\nSau poate, tu, de-Acasă\r\nTe-ai depărtat.. şi drumul\r\nNu îl mai vezi demult?\r\n\r\nCând ai greşit, cerut-ai\r\nMereu.. mereu iertare..\r\nŞi ştii.. oricât ai cere\r\nPoate n-ar fi de-ajuns..\r\nTe uiţi în jur şi vezi\r\nNu-i nimeni pe cărare\r\nŞi plângi de dorul de-a fi\r\nCu fraţii în Isus...\r\n\r\nO, drag îmi este Doamne\r\nSă port Iubirea-n suflet\r\nS-o-mpărtăşesc cu drag\r\nLa fraţii ce mi-ai dat,\r\nChiar de-aş rămâne singur\r\nPe cale şi în umblet...\r\nEu ştiu că de la mine\r\nTu nu pleci niciodat\' ...\r\nAmin\r\n\r\nDaniela Banita\r\n30.07.2015', '2021-02-14'),
(49, 'O clipă', 32, './assets/imagini/O clipă.jpg', '\nMireasa Mea, de ce slăbești în vremea de-ncercare?\r\nÎn ochii Mei,tu strălucești! A cerului,cântare,\r\nEu o aduc în viața ta ca să-ți dau bucurie...\r\nChiar dacă încercarea-i grea,tu bea din Apa Vie...\r\n\r\nO clipă este norul greu și încercare-amară!\r\nDar sus,la Domnul,Dumnezeu,nicicand nu va fi seară,\r\nDoar bucurii în Duhul Sfânt,acele clipe,rare,\r\nCe le-ai primit jos,pe pământ în clipa de-ncercare...\r\n\r\nO clipă e al tău necaz...o clipă e-ncercarea,\r\nȘi făr\'de lacrimi pe obraz tu vei cânta,cântarea,\r\nA celor care-au biruit prin Jertfa din Calvar,\r\nCe s-au smerit în văi adânci...Dar au primit și Har!\r\n\r\nO,Porumbițo! Nu uita,Așteaptă doar o clipă\r\nCă Cel ce vine te v-a lua pe-a Duhului Aripă,\r\nRidică-te,privește-n sus,și spală-ți azi veștmântul,\r\nCurând,curând,spre alte zări,vei părăsi pământul...\r\n\r\nCe minunat va fi atunci la Nunta Mea,Cerească,\r\nCu ce iubire voi privi la fața feciorească...\r\nAtunci,tot cerul va cânta iubirea pentru tine!\r\nDar pân-atunci Mireasa Mea,rămâi,rămâi cu Mine!\r\n\r\nO clipă este încercarea!Un abur,viața pe pământ\r\nDar ce măreață va fi clipa când vei zbura cu Duhul Sfant?\r\nNu mai e mult! Și-n strălucire,El va veni pe albul nor...\r\nTu îi vei spune printre lacrimi:\r\n \"De Tine,Doamne,mi-a fost dor!\"\r\n\r\n05.04.2013', '2021-02-18'),
(50, 'Celui plecat', 34, './assets/imagini/Celui plecat.jpg', '\nCulege-mi tu visul ce l-am făurit\r\nAlături de tine in clipe senine,\r\nAşează-l pe-un ram din al tău infinit\r\nSă-ţi spună mereu \"ce dor mi-e de tine.\"\r\n\r\nCulege-mi şi versul ce n-a fost curat,\r\nDoar lacrimi şi zbucium.. şi mii de suspine,\r\nCu mine-a rămas de când tu ai plecat\r\nŞi-mi spune şi azi \"ce dor mi-e de tine..\"\r\n\r\nCulege-mi şi lacrimi ce-au curs uneori\r\nCând flori de-amintiri doreau să răsară,\r\nŞi lasă-mi doar raza zâmbind după nori\r\nS-aducă în suflet mereu primăvară.\r\n\r\n\r\n22.06.2019', '2021-02-19'),
(51, 'Cele șapte bătalii de pe Golgota', 35, '', '\nCele șapte bătălii de pe Golgota.\r\n\r\nSă cânte strunele-ncordate!\r\nFanfarele să sune greu!\r\nDin piepturile-nflăcărate\r\na fiilor lui Dumnezeu.\r\n\r\nSă crească imnuri ne-ntrerupte,\r\no slavă fără de hotar\r\na celor şapte grele lupte\r\nce-au frânt Infernul pe Calvar!\r\n\r\nI. Lanţurile\r\n\r\nEra o zi scăldată-n soare.\r\nPe deal, prin pietre şi butuci,\r\nîntre ostaşi cu coif şi zale,\r\ntreceau trei oameni sub trei cruci.\r\n\r\nTrei osândiţi, spre trei morminte.\r\nDar fiecare c-un destin.\r\nŞi sângele curgea fierbinte,\r\ncel omenesc şi cel divin.\r\n\r\nÎn urma lor venea norodul.\r\nŞi colbul se urca în vânt.\r\nDar într-o vale, voievodul\r\nce cotropise-acest pământ,\r\n\r\nSatan, cu ţipete stridente\r\nchema oştirile din larg,\r\ndin cele şapte continente,\r\ndin nori ce în furtuni se sparg!\r\n\r\nVeneau toţi demonii grămadă.\r\nUrlau şi clănţăneau din dinţi.\r\nDe-ar fi putut un om să-i vadă,\r\npe loc şi-ar fi ieşit din minţi.\r\n\r\nŞi-acolo într-o vale-adâncă,\r\nîntr-o spărtură de vulcan,\r\nse înălţă pe-un colţ de stâncă\r\ntemutul comandant Satan.\r\n\r\n\"Destul!\" urlă de sus năprasnic.\r\n\"Mişei! Făpturi de rând! Fricoşi!\r\nUn om... vă pare-atât de groaznic?\r\nDoar nu-s o mie de Cristoşi!\r\n\r\nÎntind a beznelor aripă\r\nşi-n numele ce-l port ordon:\r\nPorniţi năvalnic! Şi într-o clipă,\r\ndin locul morţii, fără zvon,\r\n\r\naduceţi  lanţurile toate\r\nce-i  leagă în Şeol pe sfinţi,\r\npoveri de-nfrângeri şi păcate,\r\ncătuşe de nesăbuiţi.\r\n\r\nŞi-apoi  în zbor, cu mine-n frunte,\r\ndeasupra crucii lui Isus,\r\ndin toate vom clădi un munte\r\nsub care va cădea răpus!\"\r\n\r\nÎn vremea asta în tăcere,\r\nsub bice de ostaşi semeţi,\r\nIsus urca din răsputere,\r\nsub cruce, prin ciulini răzleţi.\r\n\r\nÎl urmăreau cei mulţi cu freamăt,\r\nvăzându-L tot mai copleşit.\r\nApoi... deodată... făr-un geamăt,\r\nIsus cel sfânt... S-a prăbuşit.\r\n\r\nPorni  un vaiet în mulţime.\r\nIsus... Isus... era înfrânt...\r\nChiar îngerii din înălţime\r\npriveau cu spaimă spre pământ.\r\n\r\nDar, iată, muntele de lanţuri,\r\nciudatul  munte nevăzut,\r\nacum... s-a prăbuşit prin şanţuri\r\nşi-n pulbere s-a prefăcut!...\r\n\r\nSatan, parcă simţind că piere,\r\nla gură ghearele şi-a dus.\r\nCăci nu ştiuse ce putere\r\nera în jertfa lui Isus!...\r\n\r\n\"Vai, unde-s lanţurile, unde?\"\r\nstrigă, venind de jos, un sol.\r\n\"Stăpâne, ce-ai făcut? Răspunde!\r\nSunt liberi morţii din Şeol!...\"\r\n\r\n\"Mărire!\" Cântă-n slavă bolta!\r\nVrăjmaşul geme sub călcâi!\r\n\r\nFu prima luptă pe Golgota\r\nşi biruinţa cea dintâi.\r\n\r\nII.  În ascuns\r\n\r\nÎntre sclipiri de-oţel severe,\r\nurca Isus, cu umeri grei,\r\nprivind mâhnit cu ce durere\r\nÎl tânguiau bărbaţi, femei.\r\n\r\n\"O, fiicelor, de ce vă strângeţi\r\nplângând de mila Celui Drept?\r\nMai bine pentru voi să plângeţi\r\nşi pentru pruncii de la piept.\r\n\r\nCăci dacă azi copacul verde\r\ne frânt sub fierul ne-ndurat,\r\ncu cât mai hotărât va pierde\r\nosânda grea pe cel uscat?\"\r\n\r\nDar vorbele pe vânt zburară.\r\nŞi lacrimile iar s-au strâns.\r\nTrudiţii paşi din nou urcară\r\nîntre batjocură şi plâns.\r\n\r\nPilat, Irod, Ierusalimul,\r\nsoborul sfintei cârmuiri,\r\nvai, nimeni  nu vedea sublimul\r\ndumnezeieştii dăruiri.\r\n\r\nCei mari erau orbiţi de-ambiţii;\r\ncei mici de Lege-mpovăraţi.\r\nUn impostor vedeau slăviţii;\r\no victimă, cei întristaţi.\r\nIsus putea să strige: \"Eli,\r\narată-Mă din nepătruns!\"\r\nŞi-n locul \"omului durerii\",\r\nîn locul Mielului străpuns,\r\n\r\ncei din sobor şi cei din gloată,\r\nprivind acelaşi trist tablou,\r\nar fi văzut în El deodată\r\npe cel mai ´nalt, mai sfânt erou!\r\n\r\nDar nu, Isus purta o haină\r\nde victimă şi impostor.\r\nCe om ar fi păstrat în taină\r\natâta slavă şi-atât dor?\r\n\r\n*\r\n\r\nEra a doua bătălie.\r\nIsus, nemuritoarea Stea,\r\ntrecea în sfânta-I măreţie\r\nce nimeni, nimeni n-o vedea.\r\n\r\nIII. Dezbrăcarea\r\n\r\nPe culme se citi sentinţa.\r\nIsus, desăvârşitul Miel,\r\nprimea în pace suferinţa.\r\nŞi un ostaş, venind spre El,\r\n\r\nI-a zis: \"Dezbracă-Te şi-aruncă!\"\r\nŞi-a tresărit uşor Isus.\r\n\"Dezbracă-Te ... Ce grea poruncă!\r\nDar nu-i din lume. E de sus...\r\n\r\nŢi-au pus o mantie pe umăr.\r\nŞi toţi Învăţător Îţi zic.\r\nAruncă mantia-n ţărână.\r\nCa să fii totul, fii nimic!\r\n\r\nEşti luptător şi Ţi se cere\r\nsă-Ţi fie mijlocul încins.\r\nTu scoate-Ţi brâul în tăcere\r\nşi, ca să-nvingi, să fii învins!\r\n\r\nEşti Preot. Iadu-Ţi ştie frica.\r\nŞi ai o jertfă de-mplinit.\r\nDezbracă-n linişte tunica\r\nşi fii Tu Însuţi cel jertfit.\r\n\r\nÎnsă... cămaşa necusută...\r\nlucrată dintr-un singur fir...\r\ncu-atâtea bucurii  ţesută,\r\ncu stropi de lacrimi şi de mir,\r\n\r\ncămaşa tainică de Mire\r\ncea nelucrată din bucăţi,\r\nsimbolul  de neprihănire\r\nşi semnul  sfintei  unităţi,\r\n\r\nce greu cămaşa se desprinde\r\nşi de pe sângele-nchegat\r\ndar şi din gândul ce-o cuprinde\r\nşi-ntârzie înduioşat...\r\n\r\nIsus simţi venind deodată\r\necoul unui  vechi tumult.\r\nŞi auzi-n urechi o şoaptă:\r\n\"Opreşte-Te! Ai dat prea mult!\"\r\n\r\nVrăjmaşul Îi loveşte pieptul\r\ncu forţa magicului glas.\r\n\"Cămaşa n-o dai! Căci ai dreptul!\r\nE tot ce-n lume Ţi-a rămas!\"\r\n\r\n\"Nu-i  tot... \" Şi-n clipa de răscruce,\r\npornind cu pas domol şi rar,\r\nIsus se aşeză pe cruce\r\nsă dea şi cel din urmă dar...\r\nPământ! Din tot întinsul zării\r\npriveşte-acum pe Salvator!\r\nCăci bătălia dezbrăcării\r\ns-a dat ca pildă tuturor.\r\n\r\nIV. Patru cuie\r\n\r\nIsus, culcat pe lemn în soare,\r\nprivea de jos spre cerul sfânt,\r\nc-un gest de largă apărare\r\na unui vinovat pământ...\r\n\r\nStătea cu faţa neclintită\r\nşi aştepta, ca pe-un liman,\r\nîntâia floare înflorită\r\nsub lovitura de ciocan.\r\n\r\nStătea cu mâinile întoarse,\r\ncu mâinile ce până ieri\r\nştergeau pe-atâtea feţe arse,\r\natâtea lacrimi şi dureri;\r\n\r\ncu mâinile ce-odinioară\r\nau dăruit şi văz şi grai\r\nşi binecuvântări lăsară\r\npe chipuri mici, cu păr bălai.\r\n\r\nŞi-acum spre mâinile ce-aşteaptă\r\nrăsplata trudei lor, pe drept,\r\ndoi negri pumni zvâcnind se-ndreaptă\r\nspre marea luptă piept la piept.\r\n\r\nSatan, în ultima secundă,\r\npurtând cunună de catran,\r\nîncearcă groaza să-şi ascundă\r\nsub măreţia de titan.\r\n\r\nÎntinde mantia deodată\r\nca nor de fum într-un crater.\r\nŞi-ncepe atunci cea mai ciudată\r\ndin câte lupte-au fost sub cer.\r\n\r\nAuzi... boc!... boc! ciocanul sună.\r\nŢâşneşte cel dintâi izvor...\r\nDar cade strania cunună\r\na negrului cotropitor.\r\n\r\nŞi bate iar... boc! boc!... ciocanul.\r\nCad stropii roşii pe pământ...\r\nDar geme biruit duşmanul.\r\nŞi sceptrul său în colb s-a frânt.\r\n\r\nBoc!... Boc!... ciocanul iarăşi cade.\r\nIsus plăteşte greu tribut.\r\nDar moartea unghiile-şi roade\r\nşi muşcă-n ţărnă Belzebut.\r\n\r\nBoc!... Boc!... Deşi sub vârf de coarne,\r\nIsus a-nvins! Căci a iubit!\r\nVrăjmaşul a lovit în carne,\r\niar El în Duh l-a ţintuit!\r\n\r\nŞi, iată patru mari izvoare,\r\nce-au curs din viaţa lui Isus,\r\nspre zarea soarelui răsare.\r\nSpre nor, spre sud şi spre apus.\r\n\r\nsunt patru fluvii de tărie,\r\nde dragoste, de cer, de har!\r\n\r\nA fost a patra bătălie\r\nşi biruinţă pe Calvar.\r\n\r\nV. Doctorii\r\n\r\nAcum Isus în răni atârnă.\r\n(Ce rod va duce-n cer cu El?)\r\nSunt răstigniţi pe-aceeaşi bârnă\r\no viperă şi-un tainic Miel.\r\n\r\nŞi totuşi lupta iar se-ncinge.\r\nSă-nduri tot chinul lumii-aceşti\r\ndar cum să poţi privi şi-nvinge\r\nsarcasmul celor ce-i iubeşti?\r\n\r\n\"Hei, Tu, profet al învierii...\"\r\nvorbeşte-un doctor cu ochi duri,\r\npurtând panglici şi filacterii\r\ncu lungi versete din Scripturi.\r\n\r\n\"n-ai spus Tu că ridici un Templu?\r\ncă-i  faci a treia zi şi porţi?\r\nEi, haide, dă-ne un exemplu,\r\nsalvează-Ţi trupul dintre morţi!\"\r\n\r\n\"Nu eşti  Ben-David?\" spune altul,\r\n\"eternul Fiu venit din cer?\r\nDe asta vii din tot înaltul\r\nsă mori pierdut într-un ungher?\"\r\n\r\n\"Nu eşti  Mesia din vecie?\"\r\nrânjeşte unul din tâlhari.\r\n\"Nu scoli Tu morţii din sicrie?\r\nN-ai vrea cu mine să dispari?...\"\r\n\r\n\"Prea mult!” Satan din nou încearcă.\r\n\"Nu vezi că suferi în zadar?\r\nNu-i nimenea să mai întoarcă\r\npe-aceşti dulăi cu gând murdar!\r\n\r\nMai bine să arunci văpaie\r\nsă arzi norod după norod.\r\nÎţi curge sângele şuvoaie\r\nşi nu se-arată nici un rod!\"\r\n\r\nIsus, spre zarea depărtată,\r\nşopti cu gândul peste veac:\r\n\"O, iartă tuturora, Tată,\r\ncă ei nu ştiu acum ce fac!...\"\r\n\r\nŞi-atunci, cu buza tremurândă,\r\ncel´lalt tâlhar porni cuvânt:\r\n\"Hei, tu, tovarăş de osândă,\r\nce-ai râs de Solul Celui Sfânt...\r\n\r\nce-am fost noi doi? Un iad fierbinte\r\nDar El, Isus, e nepătat!\r\nO, Doamne, să-Ţi aduci aminte\r\nde mine când vei fi-mpărat...\"\r\n\r\nEra întâiul rod! Mărire!\r\nIsus acum, cu blându-I grai,\r\nSe-ntoarce plâns de fericire:\r\n\"Tu... azi... vei fi cu Mine-n Rai...\"\r\n\r\nVoi, fraţi, când râsul şi minciuna\r\nvă umplu sufletul de-amar,\r\nsă vă-amintiţi întotdeauna\r\nde doctorii de pe Calvar!\r\n\r\nVI. \"Eli!... Eli!...\"\r\n\r\nDeodată... c-un fior... mulţimea\r\nşi-a-ntors privirile spre cer.\r\nUn nor umbrise înălţimea?\r\nUn fum călătorea stingher?\r\n\r\nBa nu. Dar pe întreaga zare\r\no neagră taină se urzi,\r\no stranie întunecare,\r\nun miez de noapte-n plină zi.\r\n\r\nO umbră ceru-ntreg cuprinse\r\nca un potop de lilieci.\r\nŞi-ndată soarele se stinse\r\nşi dispăru ca pentru veci.\r\n\r\nÎn întunericul de smoală\r\nporni un vânt fremătător.\r\nEra o noapte ireală\r\nca un sfârşit al tuturor.\r\n\r\nZadarnic gloata de pe culme\r\nîşi aţintea privirea sus,\r\ncăci nu erau alţi ochi pe lume\r\nsă vadă ce vedea Isus...\r\n\r\nMai mulţi decât nisipul mării,\r\nmai repezi ca un uragan,\r\npunând un scut asupra zării\r\ndin mii de ciucuri de catran,\r\n\r\ngigantice oştiri de duhuri,\r\nîn focul luptei cel mai greu,\r\nse-ngrămădiseră-n văzduhuri\r\nîntre Isus şi Dumnezeu.\r\n\r\n\"Eşti vinovat!\" striga oştirea.\r\n\"Da. Vina tuturor căzu.\r\nDar Tu, purtând nelegiuirea,\r\nde toate vinovat eşti Tu!\r\n\r\nAsupra Ta e-acum minciuna\r\nşi ura ce-a domnit mereu.\r\nEşti vinovat pe totdeauna\r\nşi despărţit de Dumnezeu!\r\n\r\nMândria, cugetul făţarnic,\r\npe toate-asupra Ta le-ai luat.\r\nZadarnic Te mai rogi! Zadarnic!\r\nEşti vinovat! Eşti vinovat!...\"\r\n\r\n\"Eli! Eli!...\" se-aude-n bezne.\r\n\"Eli! Lama Sabactani!...\r\nStrăpuns în mâini, străpuns în glezne\r\nşi fără Tine cât voi fi?\r\n\r\nEu nu mai sunt decât un vierme\r\nprivit cu silă şi strivit.\r\nDar cum să uit că-n slăvi eterne\r\nTu M-ai născut şi M-ai iubit?\r\n\r\nCi Eu, Adam al înnoirii,\r\nTe chem şi strig împovărat:\r\nDe toată vina omenirii,\r\nPărinte, da, sunt vinovat!\"\r\n\r\nO rază şi-a adus cuvântul\r\nasupra umilitei frunţi.\r\nSe zguduie acum pământul.\r\nSe sfarmă stâncile în munţi!\r\n\r\nS-a despicat catapeteasma\r\nşi locul tainic s-a deschis!\r\nŞi-alungă demonii fantasma.\r\nŞi şterge bezna ca un vis.\r\n\r\nDin nou se luminează bolta.\r\nVibrează soarele-n etern!\r\n\r\nA şasea luptă pe Golgota\r\na smuls zăvorul către cer!\r\n\r\nVII. Ultimul vrăjmaş\r\n\r\nAcum e cea din urmă luptă.\r\nTăcere. Într-un duh solemn,\r\npriviţi pe cruce faţa suptă\r\nşi sângele-nchegat pe lemn.\r\n\r\nPuterea cărnii e sfârşită.\r\nDar dragostea şi mila, nu!...\r\nÎnvinsă-i vipera cumplită\r\nşi oastea-n gol i se pierdu.\r\n\r\nDar... ultimul vrăjmaş veghează.\r\nPe cal cu pieptul pe oblânc,\r\nîmprăştiind fiori de groază,\r\nse-nalţă moartea din adânc.\r\n\r\nCu coasa-n mâini ca o balanţă,\r\npe nevăzutele-i poteci,\r\npurtând o ultimă speranţă\r\nde-a-nvinge dragostea pe veci,\r\n\r\nse-apropie din zări... se-arată...\r\ncu ochi adânci, cu chipul pal...\r\nSe-opreşte o clipă. Şi deodată\r\nînfige pintenii în cal.\r\n\r\nOţelul spintecă văzduhul.\r\nDar Fiul strigă-n zări: \"Ava!\"\r\nŢărâna piară. Însă Duhul\r\nse-ncredinţează-n mâna Ta!\"\r\n\r\nSe pleacă fruntea, se destinde.\r\nUn astru lunecă-n apus...\r\nIar de pe cruce se desprinde,\r\nmai sclipitor, un alt Isus!\r\n\r\nPe fruntea Lui acum El poartă,\r\nîn locul rănilor de spini,\r\nca preţ al dragostei ce iartă,\r\ncununa veşnicei lumini!\r\n\r\nE Domnul Domnilor! Mărire!\r\nE Împărat peste-mpăraţi!\r\nA-nfrânt duşmanul prin iubire!\r\nE-ntâiul frate între fraţi!\r\n\r\nÎl vei vedea din zări, Marie,\r\nîn trup slăvit de Duh şi Har.\r\n\r\nA fost a şaptea bătălie\r\nşi cea din urmă pe Calvar.\r\n\r\n*\r\n\r\nSă cânte strunele-ncordate!\r\nTrompetele să sune plin!\r\nIsus, Mântuitor şi frate,\r\ne Soarele etern! Amin.\r\n\r\nCostache Ioanid', '2021-02-20');
COMMIT;

/*!40101 SET CHARACTER_SET_CLIENT=@OLD_CHARACTER_SET_CLIENT */;
/*!40101 SET CHARACTER_SET_RESULTS=@OLD_CHARACTER_SET_RESULTS */;
/*!40101 SET COLLATION_CONNECTION=@OLD_COLLATION_CONNECTION */;
